identifier,call_type,name,mae,mape,mase,smape,rmse,rsq
60,CIP,XGBOOST - Poisson,5.821482249668667,20.59654086910038,0.8122998487909766,24.254183977871747,7.65869231359084,0.22619468731527506
60,CIP,XGBOOST - SqEr,5.897055762154715,21.26541380001175,0.8228449900680997,25.337606018819002,7.8143248321754255,0.19620677916901433
60,CIP,XGBOOST - Tweedie,5.695672988891602,20.04910962593943,0.7947450682174327,23.943351028045388,7.631729975178249,0.3285838292873915
60,Non CIP,XGBOOST - Poisson,28.757563999720983,10.729790360622085,1.1277476078321955,10.065240969319197,32.30456094421531,0.043306891937217394
60,Non CIP,XGBOOST - SqEr,29.225873674665177,10.913242423988098,1.1461126931241248,10.227156848086102,33.031560673342135,0.01353146573255637
60,Non CIP,XGBOOST - Tweedie,31.530914306640625,11.786851388128287,1.2365064433976716,10.962240855949968,35.77570282187904,0.00883754413716775
61,CIP,XGBOOST - Poisson,3.6639815739222934,26.348113403249542,0.91599539348057335,23.992437936614575,4.270667013002846,0.046012802320934354
61,CIP,XGBOOST - SqEr,3.6680067607334683,25.571279013385436,0.9170016901833671,24.062880046640153,4.116375292096091,0.009042755684925314
61,CIP,XGBOOST - Tweedie,3.973550660269601,28.59896570794289,0.9933876650674003,26.63212546991977,4.426925676272173,0.0015387441983005568
61,Non CIP,XGBOOST - Poisson,28.628472464425222,16.48778151839331,1.1846264468038021,15.135487217458868,30.241902935912982,0.7849335004398637
61,Non CIP,XGBOOST - SqEr,28.437940325055802,16.68955206879931,1.176742358278171,15.103714992899612,30.83151518332868,0.8234048176475978
61,Non CIP,XGBOOST - Tweedie,27.582528250558035,15.985332736238384,1.1413459965748152,14.610541631318515,29.298903381296334,0.8234270411881134
62,CIP,XGBOOST - Poisson,3.142266001020159,30.79881567827073,0.6733427145043198,24.74184343316782,3.997475760037214,0.018779286703370982
62,CIP,XGBOOST - SqEr,3.2663051060267856,31.848753708771348,0.6999225227200254,25.629333739810576,4.150321829208731,0.28831909234955577
62,CIP,XGBOOST - Tweedie,3.054001671927316,29.9843379632773,0.6544289296987105,24.00842329086858,3.990586038018079,0.0033629137346972075
62,Non CIP,XGBOOST - Poisson,17.050146920340403,13.286133801482155,0.8250071090487291,11.923466886555415,23.649499191405834,0.2472410107721778
62,Non CIP,XGBOOST - SqEr,22.35149710518973,17.376268559220133,1.0815240534769224,15.19970055856826,30.055867742618606,0.5173915467491589
62,Non CIP,XGBOOST - Tweedie,17.79215349469866,13.897946651190246,0.86091065296929,12.36717556748973,24.997026508019225,0.4338306626992507
63,CIP,XGBOOST - Poisson,3.7587994166782925,25.612343323286886,0.7275095645183791,26.657945392406912,4.618013630224267,0.0020553483063252584
63,CIP,XGBOOST - SqEr,3.745088985988072,25.724061134284483,0.7248559327718849,26.47095281664418,4.744535660176107,0.2851485154732735
63,CIP,XGBOOST - Tweedie,3.952764102390834,26.118675868964083,0.7650511165917744,28.624610087863665,4.634121921900597,0.24716872032610823
63,Non CIP,XGBOOST - Poisson,13.456000191824776,9.890560166498972,0.9611428708446269,9.515919601605145,15.108307337337006,0.23591527318110425
63,Non CIP,XGBOOST - SqEr,16.163565499441965,11.731070610905322,1.1545403928172833,11.140859180959364,18.48109065579424,0.19852413723710796
63,Non CIP,XGBOOST - Tweedie,15.930058070591517,11.512051158142143,1.137861290756537,10.931171658661338,17.65424289694816,0.30547681327227216
66,CIP,XGBOOST - Poisson,1.5857861382620675,15.987688173979391,0.45308175378916216,14.756899067786735,1.8988408277082387,0.03599667478810089
66,CIP,XGBOOST - SqEr,1.6661881038120814,17.06594974324768,0.476053743946309,15.436994011583282,2.1086537405854604,0.06086848260243904
66,CIP,XGBOOST - Tweedie,1.4373769760131836,14.249139448903906,0.41067913600376676,13.314366056875402,1.7619771993660474,0.15245461997069434
66,Non CIP,XGBOOST - Poisson,12.651838030133929,9.471915534991746,0.7370002736000346,8.753029565515607,16.503260003464273,0.5256535240856347
66,Non CIP,XGBOOST - SqEr,15.801807948521205,11.62472038619338,0.9204936669041478,10.520562601863919,21.101233030768622,0.42907426479105193
66,Non CIP,XGBOOST - Tweedie,12.401944841657366,9.037134187986027,0.7224433888344096,8.495044417904188,14.607138393707496,0.7365249859533612
67,CIP,XGBOOST - Poisson,4.436391830444336,15.942263244653565,0.6190314182015352,15.190858171173572,5.230478479855172,0.14826698870212957
67,CIP,XGBOOST - SqEr,4.0517232077462335,14.539917022612014,0.5653567266622651,13.955335315294354,4.853999288907415,5.374788220570832e-4
67,CIP,XGBOOST - Tweedie,3.973039082118443,14.44274131763369,0.5543775463421083,13.689061324278764,4.799184057339844,0.0011567198569247
67,Non CIP,XGBOOST - Poisson,15.57322256905692,5.516672669936119,0.5432519500833809,5.6594067638308365,21.513586868771775,0.06440336415256326
67,Non CIP,XGBOOST - SqEr,13.400617327008929,4.8590552469483335,0.46746339512821844,4.877593603613407,16.911238035093813,0.2895041988711565
67,Non CIP,XGBOOST - Tweedie,13.488398960658483,4.756787296607262,0.4705255451392494,4.88253761282713,19.130536618786053,0.17411899770861813
68,CIP,XGBOOST - Poisson,2.4294325964791432,20.723596945526225,0.5830638231549944,20.141294841127603,2.6682911783090555,0.03473688415647651
68,CIP,XGBOOST - SqEr,2.6090147835867747,22.977630295698358,0.6261635480608259,21.468187930951053,3.0389894061600145,0.0034732937865269743
68,CIP,XGBOOST - Tweedie,2.377474239894322,19.6856148300454,0.5705938175746372,19.660440681535547,2.5423902484848147,0.17235543789748745
68,Non CIP,XGBOOST - Poisson,10.802932739257812,5.380154959213141,0.6969634025327621,5.422616051801954,12.746927597998209,0.03208207930510722
68,Non CIP,XGBOOST - SqEr,10.612679617745536,5.335625888501665,0.6846890075964861,5.353092071712536,13.333782629712807,0.026401191528859978
68,Non CIP,XGBOOST - Tweedie,9.220700945172991,4.624064710746435,0.5948839319466446,4.645718959748173,11.736637979489364,0.12445430307973664
69,CIP,XGBOOST - Poisson,3.51519707271031,51.69144303370745,0.6026052124646246,35.67980977700959,4.159625974895485,0.07676748933853643
69,CIP,XGBOOST - SqEr,3.699791499546596,55.20527133574853,0.634249971350845,37.090905577067524,4.360136115847983,0.013760997765857905
69,CIP,XGBOOST - Tweedie,3.3117637634277344,47.29907007007809,0.5677309308733259,34.081872226465485,4.128016047056616,0.041307614188585355
69,Non CIP,XGBOOST - Poisson,17.480403355189733,11.811755429734843,1.038439803278598,10.925215824489113,20.44398126988421,0.048508134923872376
69,Non CIP,XGBOOST - SqEr,18.669189453125,12.640216134703769,1.1090607595915842,11.5987792427089,22.039413741652854,0.03062144155967344
69,Non CIP,XGBOOST - Tweedie,18.730878557477677,12.650050903037585,1.1127254588600601,11.630208716153966,21.945269032835515,0.016976974231369284
70,CIP,XGBOOST - Poisson,4.002227783203125,26.87500533535735,1.334075927734375,22.637597574430725,4.6409124835546836,0.18180816908216932
70,CIP,XGBOOST - SqEr,3.9614947182791576,26.250220730713842,1.3204982394263858,22.49396414134306,4.592014455935631,0.7402903712073581
70,CIP,XGBOOST - Tweedie,3.4998256138392856,23.7479216156297,1.1666085379464286,20.05430742440212,4.234642576616785,3.316154278602568e-4
70,Non CIP,XGBOOST - Poisson,34.84596470424107,14.81946425943563,0.9417828298443534,14.139016085908224,39.421060786179694,0.4031781176053771
70,Non CIP,XGBOOST - SqEr,36.03399876185826,15.45591200480482,0.9738918584286016,14.61490310880336,40.3687852644109,0.3680875371324334
70,Non CIP,XGBOOST - Tweedie,33.305755615234375,14.221721893846095,0.9001555571684966,13.528616177062961,38.4497060339729,0.4625823687602296
71,CIP,XGBOOST - Poisson,2.6653736659458707,19.229462602362005,0.7996120997837611,17.05063616408908,3.4232490359133214,0.09720633729477934
71,CIP,XGBOOST - SqEr,2.581939697265625,18.257448877761433,0.7745819091796874,16.55508843447235,3.0951107577496235,0.007216524297665213
71,CIP,XGBOOST - Tweedie,2.764190810067313,20.319033018462545,0.8292572430201938,17.43100332745491,3.969192040649045,0.16045874633777443
71,Non CIP,XGBOOST - Poisson,14.723033360072545,8.536966455090402,1.0516452400051817,8.295266752745608,20.047530473429912,0.8886176900585548
71,Non CIP,XGBOOST - SqEr,14.879972185407366,8.668588373722429,1.0628551561005262,8.344376006576109,20.415244378582845,0.8430139696410145
71,Non CIP,XGBOOST - Tweedie,14.734379359654017,8.588309584597399,1.0524556685467155,8.26399941325257,20.693193332929486,0.8732759014133629
72,CIP,XGBOOST - Poisson,3.01385498046875,19.805798362982788,1.0046183268229167,21.431127647448726,3.4796281423046644,0.0013638640513027537
72,CIP,XGBOOST - SqEr,2.405416488647461,16.211565792425418,0.8018054962158203,16.818796417483433,2.8354668324207197,0.11875701698319738
72,CIP,XGBOOST - Tweedie,3.916315487452916,27.228721053151588,1.3054384958176386,28.47829967448942,4.1429423659045055,0.002486202999179616
72,Non CIP,XGBOOST - Poisson,22.530319213867188,8.082035839360731,0.6530527308367301,8.715263958629302,37.05952342905923,0.03850526917624657
72,Non CIP,XGBOOST - SqEr,27.339861188616073,10.07682843263931,0.7924597445975672,10.622364384115937,40.936986455548436,0.16693334788292227
72,Non CIP,XGBOOST - Tweedie,26.748661586216517,9.851367438786832,0.77532352423816,10.381873543557067,40.23978005816393,0.19720473200204183
73,CIP,XGBOOST - Poisson,10.239166804722377,22.964152409575224,2.275370401049417,20.566963524793948,13.059947155200943,0.019644100686622677
73,CIP,XGBOOST - SqEr,7.598150525774274,16.249397810787947,1.6884778946165055,16.859678922361145,7.846930828045057,0.022696460954089177
73,CIP,XGBOOST - Tweedie,7.729947226388114,16.61124561343369,1.7177660503084697,17.12581205792518,7.948357008869417,0.029995052253525663
73,Non CIP,XGBOOST - Poisson,46.23461478097098,11.839043784978182,1.4010489327566964,10.950963834889098,52.9036376225927,0.5904623378993227
73,Non CIP,XGBOOST - SqEr,37.835680280412944,9.710801829221758,1.1465357660731197,9.096360430206792,43.44561665956647,0.8912395816792282
73,Non CIP,XGBOOST - Tweedie,39.8223876953125,10.233711003561833,1.2067390210700757,9.54343583573559,46.03117190451306,0.8262697174999293
75,CIP,XGBOOST - Poisson,4.9042816162109375,8.535879109909942,0.9195528030395508,9.140605684962415,6.348564325424172,0.0813003030501934
75,CIP,XGBOOST - SqEr,7.229883466448102,12.819505821607919,1.3556031499590193,13.77715159059028,8.234309497950816,0.02663541083963802
75,CIP,XGBOOST - Tweedie,5.511441367013114,9.680819541675872,1.0333952563149589,10.382617572079567,6.733023933128812,0.15998709500056973
75,Non CIP,XGBOOST - Poisson,39.18144008091518,8.807283670064876,0.6074641873010105,8.47808781651572,46.80743931540593,0.07019303533637372
75,Non CIP,XGBOOST - SqEr,42.03631155831473,9.500706194949275,0.6517257605940269,9.079728393646006,50.94710364503488,0.03468897243241028
75,Non CIP,XGBOOST - Tweedie,40.813607352120535,9.111654627932236,0.632769106234427,8.794434428540267,48.052812193506405,0.040724104910825634
76,CIP,XGBOOST - Poisson,1.8353210857936315,67.01337292080834,1.2235473905290877,44.09847289343465,2.1625894101602148,0.5232415910324923
76,CIP,XGBOOST - SqEr,2.921605655125209,101.37841190610612,1.9477371034168063,59.510970880100004,3.2469796969637152,7.271161133413006e-4
76,CIP,XGBOOST - Tweedie,1.7675635133470808,59.27458626883371,1.1783756755647206,42.34411122820786,2.2490827458180918,0.0887855047784606
76,Non CIP,XGBOOST - Poisson,19.732467651367188,16.60196317250532,1.315497843424479,14.632876152551624,24.188811084325984,0.3920129408919963
76,Non CIP,XGBOOST - SqEr,23.05035400390625,18.90556063341696,1.5366902669270834,16.531120319640376,27.961961206775616,0.27596133582684457
76,Non CIP,XGBOOST - Tweedie,19.986681256975448,16.743866553272493,1.3324454171316964,14.761012570932074,24.461679696079912,0.35646667101521656
77,CIP,XGBOOST - Poisson,6.24313041142055,32.580674121860866,0.6571716222547948,33.49885332930471,7.7305456080226165,0.17189539167031764
77,CIP,XGBOOST - SqEr,5.956737382071359,31.531974443512155,0.6270249875864589,31.784005161068272,7.362743680817229,1.5208910827868786e-4
77,CIP,XGBOOST - Tweedie,5.9496049880981445,29.202143479854392,0.6262742092734889,31.639689073760273,7.8221943194722465,0.03198061076188155
77,Non CIP,XGBOOST - Poisson,23.487169538225448,8.94911737432906,0.9924156142912159,8.209433942486347,33.033339950392524,0.01637520765668258
77,Non CIP,XGBOOST - SqEr,24.044974190848215,9.141405969675667,1.0159848249654175,8.374146447321449,33.695973385840006,0.017754412254116576
77,Non CIP,XGBOOST - Tweedie,21.184640066964285,8.134818788409218,0.8951256366322937,7.449409887312383,31.613334029973576,0.020194891675221562
78,CIP,XGBOOST - Poisson,1.6104190008980885,11.379052973148204,0.7432703081068103,12.310125575479972,2.7106762605233383,0.08076801045536684
78,CIP,XGBOOST - SqEr,1.757613182067871,12.817612818018128,0.8112060840313252,13.448266537133218,2.618128551951426,0.01497095566291436
78,CIP,XGBOOST - Tweedie,2.2316228321620395,15.47606941650387,1.0299797686901722,17.998683050312405,3.929599198577895,0.6758112285480441
78,Non CIP,XGBOOST - Poisson,11.670203072684151,5.546650571413326,0.573944413410696,5.342620423044623,14.263339644974154,0.7772997607173836
78,Non CIP,XGBOOST - SqEr,12.290311540876116,5.893592031131935,0.6044415511906287,5.662350454653563,14.552217141294916,0.8534993257605146
78,Non CIP,XGBOOST - Tweedie,13.097298758370536,6.1383684962342775,0.6441294471329772,5.935860613218642,15.025339908085776,0.6993478829217241
79,CIP,XGBOOST - Poisson,5.781979424612863,24.188388410122137,0.8259970606589804,25.175285053732964,6.1541414325812,0.007737142596169316
79,CIP,XGBOOST - SqEr,5.79505375453404,24.012293874216304,0.8278648220762914,25.157275320677208,6.224626461487312,0.04385872925386939
79,CIP,XGBOOST - Tweedie,5.4967482430594305,23.36624538256684,0.7852497490084901,23.858374693433735,5.763062633035236,0.04445057694726404
79,Non CIP,XGBOOST - Poisson,35.12683541434152,12.898957191688512,1.1092684867686795,11.565584753745368,45.17668346969485,0.22347988376964067
79,Non CIP,XGBOOST - SqEr,33.14532906668527,12.193057587735186,1.0466946021058505,10.98520923845424,43.02979607348859,0.2472520698659403
79,Non CIP,XGBOOST - Tweedie,33.15206037248884,12.286764816836163,1.0469071696575425,10.992974276086361,44.03984503575215,0.12217101766095854
81,CIP,XGBOOST - Poisson,4.866497039794922,38.77754026754548,0.712170298506574,32.51840559471386,5.367704186533579,0.5863866794806593
81,CIP,XGBOOST - SqEr,4.891048022678921,38.3113586131808,0.7157631252700859,32.69945824772229,5.474404954309734,0.6963703789880464
81,CIP,XGBOOST - Tweedie,4.892221995762417,38.24935194746038,0.7159349262091341,32.93486807319787,5.259034738701632,0.18119896189243406
81,Non CIP,XGBOOST - Poisson,20.475603376116073,10.34419213963165,0.8136001341503074,9.694661638196969,24.949731033788055,0.03147183197254474
81,Non CIP,XGBOOST - SqEr,22.09087916782924,11.195061397360776,0.8777832781918903,10.34054541050409,27.777421571544046,0.019579075034585544
81,Non CIP,XGBOOST - Tweedie,19.750470842633927,9.984829252672247,0.7847869208993614,9.347348456432893,24.512413865843563,0.004784557252909696
83,CIP,XGBOOST - Poisson,5.225134713309152,32.52087759499154,1.0810623544777556,27.19129572317847,5.750636493251424,0.129582169070901
83,CIP,XGBOOST - SqEr,4.856452669416155,30.34049081215448,1.0047833109136874,25.494495581733208,5.434477601781893,0.6617608622673222
83,CIP,XGBOOST - Tweedie,4.662290845598493,29.14310664829887,0.9646118990893435,24.588566026899727,5.308030004441541,0.4784587589927877
83,Non CIP,XGBOOST - Poisson,28.528274536132812,10.681321656658232,1.1723948439506635,10.446954147231377,33.24187940784925,0.3733426013257563
83,Non CIP,XGBOOST - SqEr,29.087384905133927,11.159770797687301,1.1953719824027642,10.675448193398871,34.76454386877351,0.2724280241823044
83,Non CIP,XGBOOST - Tweedie,28.74603271484375,10.781228093649895,1.1813438101990583,10.516584956617764,33.590298754285534,0.4029328296299785
84,CIP,XGBOOST - Poisson,3.879541669573103,27.15314017536312,0.7508790328206005,24.191941223128005,4.3071710822511,0.023955710189538442
84,CIP,XGBOOST - SqEr,3.7668557848249162,26.65245367432038,0.729068861579016,23.647403893796668,4.220732836120773,0.061678887467583196
84,CIP,XGBOOST - Tweedie,3.9861346653529575,27.356290022776893,0.7715099352296046,25.075937398658144,4.709913287227112,0.21751140014296394
84,Non CIP,XGBOOST - Poisson,41.8502197265625,10.434886605365337,1.620008505544355,9.681347885576638,50.77798844228545,0.03265493154176681
84,Non CIP,XGBOOST - SqEr,39.194161551339285,9.795683333223144,1.517193350374424,9.140630083464645,46.90822007087268,0.0745408400812586
84,Non CIP,XGBOOST - Tweedie,38.620923723493306,9.643898054422522,1.4950034989739345,9.01642368995713,45.892241694864,0.030869977424913268
88,CIP,XGBOOST - Poisson,2.1300841740199496,23.83579544027278,0.9128932174371215,20.781302431857306,2.453646409712341,0.39036304884459666
88,CIP,XGBOOST - SqEr,2.1960139955793108,24.619992920892017,0.9411488552482762,21.330686342271733,2.497863522519192,0.27026736177225247
88,CIP,XGBOOST - Tweedie,2.459329060145787,26.653718072125038,1.0539981686339088,24.028248323910756,2.7085472610210934,0.030230646060284704
88,Non CIP,XGBOOST - Poisson,27.43772234235491,11.967026324366667,1.003819110086155,11.263344376427334,30.527134397197617,0.00771815842093925
88,Non CIP,XGBOOST - SqEr,28.308201381138392,12.36354002523567,1.0356659041879899,11.532315726293552,32.80723666766958,7.262015713287272e-4
88,Non CIP,XGBOOST - Tweedie,24.96374293736049,10.830868484033356,0.9133076684400179,10.275483633063224,27.52069061360145,0.01892430742205332
90,CIP,XGBOOST - Poisson,3.6287449428013394,22.707221231585518,0.7023377308647752,21.835115037841508,4.087265402645255,0.08635601774258915
90,CIP,XGBOOST - SqEr,3.5457750047956194,22.28033253950197,0.6862790331862489,21.353959793109105,4.039518059204999,0.11135496735721687
90,CIP,XGBOOST - Tweedie,3.3154775074550082,19.876159382891498,0.64170532402355,19.948929894295446,3.987652229928582,0.17366420320255282
90,Non CIP,XGBOOST - Poisson,23.848181588309153,11.714872810747888,1.6447021785040794,11.080423581287421,24.901202205561045,7.997767106363777e-4
90,Non CIP,XGBOOST - SqEr,26.479176112583705,13.001218705890954,1.8261500767299106,12.217517599034025,27.702177342930735,5.810696941631865e-4
90,Non CIP,XGBOOST - Tweedie,23.067657470703125,11.319788835703234,1.5908729290140087,10.720107434754974,24.165769118351246,0.012066838777172033
94,CIP,XGBOOST - Poisson,3.1899584361485074,32.537558056493914,0.7361442544958094,29.975174251533847,4.095425050084247,0.00805632367284881
94,CIP,XGBOOST - SqEr,3.342114039829799,34.427521229876724,0.771257086114569,31.018500969073898,4.369099977191502,0.05734755915335043
94,CIP,XGBOOST - Tweedie,2.843175070626395,28.81457758427861,0.6561173239907067,26.85748262547015,3.451403693450244,0.40942546995132956
94,Non CIP,XGBOOST - Poisson,13.873430524553571,10.407942867486975,2.5224419135551948,9.774955996538177,15.744705269868358,0.4810213831755544
94,Non CIP,XGBOOST - SqEr,16.84810529436384,12.488575240213361,3.063291871702516,11.41265113688764,21.285822657987953,0.4482189582770647
94,Non CIP,XGBOOST - Tweedie,13.746082850864955,10.349519522289526,2.4992877910663553,9.724403410038434,15.49258660775269,0.45080539576983497
Brooklyn,CIP,XGBOOST - Poisson,27.548187255859375,6.464129420665228,1.2335009219041513,6.546737110757735,29.33425909839667,0.006966210170349749
Brooklyn,CIP,XGBOOST - SqEr,23.385450090680802,5.423058107345268,1.047109705552872,5.555027560291008,26.887362717652046,0.26175343779126026
Brooklyn,CIP,XGBOOST - Tweedie,23.45949445452009,5.405953357623833,1.0504251248292578,5.556166459980666,26.908760792159246,0.4501516476934887
Brooklyn,Non CIP,XGBOOST - Poisson,263.45375279017856,4.8874660037706015,1.5097636263047483,4.755215596674442,284.7175970956901,0.33202406939689205
Brooklyn,Non CIP,XGBOOST - SqEr,231.00244140625,4.297442549950276,1.3237962258237823,4.18925255347779,263.88650855573684,0.18300668627654612
Brooklyn,Non CIP,XGBOOST - Tweedie,282.462890625,5.2460417966534045,1.6186985136103151,5.097145341203521,309.0211171334142,0.0813165853403412
