.model,nypd_pct_cd,call_type,.type,ME,RMSE,MAE,MPE,MAPE,MASE,RMSSE,ACF1
arima_weather,60,CIP,Test,5.2078014940878825,7.428193266009245,5.274165272263041,17.73365727815022,18.08294032117737,1.0006415410647767,1.1177023169763451,-0.21871355853663574
arima_weather,60,Non CIP,Test,-47.95136727272222,52.94030513897638,47.95136727272222,-17.9369486115551,17.9369486115551,1.5199542443329954,1.3066246958899101,-0.31364624290065446
arima_weather,60,<aggregated>,Test,-45.20572086172388,49.604532485805514,45.20572086172388,-15.386707149038626,15.386707149038626,1.404408556313211,1.1994026336460846,-0.14277387471467473
arima_weather,61,CIP,Test,-1.2598112325074537,5.3441267181101955,4.790495908384587,-17.717133099840826,34.261730548956145,1.0151671698472704,0.9038438265752052,0.33001506934141617
arima_weather,61,Non CIP,Test,-31.23562311659746,40.471742782944055,36.35833849488237,-19.854978544360108,21.85603923900265,1.2630812388336572,1.0637436442228965,0.5194408644703362
arima_weather,61,<aggregated>,Test,-30.730092746940066,39.614757102849104,36.10501705813402,-17.572166406940692,19.562879114790306,1.2396193264944066,1.0358323906857994,0.4519587709923041
arima_weather,62,CIP,Test,-0.08647262199354344,3.8371897446864693,2.9026457235051453,-13.936021140285877,30.152336101012185,0.6310968408998101,0.6636991571726166,0.04097314068199765
arima_weather,62,Non CIP,Test,-6.355981949384411,18.115496692332187,14.00307185343514,-5.985910287197414,10.835086783377566,0.5289472350427258,0.544856124758659,0.015806938997271036
arima_weather,62,<aggregated>,Test,-5.409157408339002,20.15396370708237,17.17561212765937,-5.02452019060109,11.791099926071931,0.6471019335153114,0.604699567139457,0.07669008347450111
arima_weather,63,CIP,Test,1.9350303144498635,4.774523449544869,3.736212666380311,4.373230341596658,26.09470468509333,0.9039916853713282,0.9185208366553573,0.14422972557566033
arima_weather,63,Non CIP,Test,-8.08882386913777,14.864605604197276,13.026773134845318,-6.696205909967786,9.83715125775061,0.6125168262279752,0.5243191646403352,0.04121817048018391
arima_weather,63,<aggregated>,Test,-6.4895617570525586,14.56186800892221,13.19621636138813,-4.945369158072317,8.803583615319019,0.617358271824025,0.511277947907234,-0.10429349904264151
arima_weather,66,CIP,Test,-0.7185305263339264,1.8742831829878714,1.4799128331186469,-9.474104329979768,14.980241545412293,0.3701980408454843,0.37327585194580526,-0.6591799131323902
arima_weather,66,Non CIP,Test,-17.55730957177675,21.433463648858314,19.286710871015533,-13.253361674741921,14.258827546392375,0.8257887256794569,0.692601706585763,-0.37433204529834835
arima_weather,66,<aggregated>,Test,-19.046014162668882,22.42697705777437,19.814490131074283,-13.151792208874033,13.574031751953923,0.8464065016926581,0.7280779120172792,-0.3032919181529334
arima_weather,67,CIP,Test,-0.0021980309976509,4.274111238831549,3.575072839007305,-2.4901748583210868,12.769569893636739,0.5633583275940395,0.5272877685057559,-0.276111621870117
arima_weather,67,Non CIP,Test,4.832065169611757,17.613810915110268,11.557773158739142,1.4519245819458706,4.0533111627866605,0.3867903417988217,0.46059648237248585,-0.44138647285829674
arima_weather,67,<aggregated>,Test,4.864951248064235,19.246831624266402,11.901253527632019,1.286363743689662,3.7757602986255585,0.3950922119962996,0.4979612766420658,-0.42081475485298725
arima_weather,68,CIP,Test,-0.6219228829499337,2.667400479432138,2.221365586738092,-10.305932686866953,20.668199668722085,0.5449853799631337,0.518700500162628,-0.3114462141466184
arima_weather,68,Non CIP,Test,-0.13431698862196698,11.140806447879136,8.218918726920034,-0.3940182215957533,4.181488296346828,0.3800986580776277,0.4069899564687267,-0.33537124770703547
arima_weather,68,<aggregated>,Test,0.8128586057897564,11.619285060360854,7.874650018043163,0.03691396021233825,3.8353325783053736,0.35972522326347345,0.42006374951100056,-0.37671024816816745
arima_weather,69,CIP,Test,-1.2416982957784741,4.555664068142731,3.741120595896257,-40.61401036362379,57.28344976456193,0.9205211986395818,0.8772011060888222,-0.12488529280357796
arima_weather,69,Non CIP,Test,-25.564569320196846,28.97615210724475,25.564569320196846,-17.19253421324427,17.19253421324427,1.0684331916415815,0.9547215782118043,-0.2940236650210094
arima_weather,69,<aggregated>,Test,-26.481833015013844,29.819266040975293,26.899357920647788,-16.535623091184878,16.750842114707527,1.1155438861854587,0.9759772546738328,-0.09812826457516426
arima_weather,70,CIP,Test,-5.214187347920251,5.997602339820699,5.214187347920251,-35.45931694686086,35.45931694686086,0.9267546609095518,0.8318824789852948,0.30670688634538373
arima_weather,70,Non CIP,Test,7.998387954844549,42.63380424958709,35.71167614874205,-0.09185538979180004,14.50420783211079,1.145581808794606,1.0405070352568406,0.31562755498378703
arima_weather,70,<aggregated>,Test,2.7153642466533006,41.2504910284475,35.60223979858869,-1.6197056160394412,13.589217818476085,1.122401000090297,0.9897352052676666,0.30440172951051564
arima_weather,71,CIP,Test,-2.3692698445394074,4.584555184604795,3.9388381453675607,-20.35692935842267,28.32406836303992,0.7715186999998805,0.6966858300015293,0.21651658680928013
arima_weather,71,Non CIP,Test,-10.054666612252504,19.893785929523762,16.802817478286084,-6.303887726951234,9.838274803206163,0.5920314254052149,0.5352936520627712,-0.0421486189112596
arima_weather,71,<aggregated>,Test,-13.368726971551403,24.269436944926305,20.500492101575862,-7.676050722323497,11.058682000359045,0.7096064877299468,0.6411193505551529,0.058416513352470424
arima_weather,72,CIP,Test,1.0668989177544794,3.1093180430670495,2.5595174738341675,3.5190391095241957,17.65626430854118,0.5310778001400613,0.5165015412881413,0.24522154439305363
arima_weather,72,Non CIP,Test,10.147448862833961,37.744028106606,21.254540598814316,2.586234517540803,7.534292079962874,0.8515030380099757,1.1660763888482597,0.011027274498456549
arima_weather,72,<aggregated>,Test,12.384483215870198,39.12020268625191,22.028180037180523,3.292144082244908,7.338615335125587,0.8695605996861702,1.194735559098757,-0.018174166779095714
arima_weather,73,CIP,Test,5.742031190168992,8.50401590340541,7.602432886930203,10.775180942509724,16.09061436182747,0.9724400178441206,0.855503767115146,0.2565784571359829
arima_weather,73,Non CIP,Test,-69.04706358152133,76.00814946370356,69.04706358152133,-17.580921438393947,17.580921438393947,1.7359006569552606,1.4983937981236695,0.4670057515218696
arima_weather,73,<aggregated>,Test,-64.44409396730305,73.08385814232852,64.44409396730305,-14.802677579932574,14.802677579932574,1.5861422718640494,1.411321616390012,0.48222362322280926
arima_weather,75,CIP,Test,2.6018608910796397,5.4812140050971205,4.317490494851936,4.2133858418076855,7.623491187242501,0.4884879060286656,0.49566550451257213,0.059937097940327345
arima_weather,75,Non CIP,Test,-11.994343177846154,45.57830921997389,37.27396574197972,-3.542562522574375,8.290526458841123,0.9009093623982467,0.8839564246620716,-0.23724741037314143
arima_weather,75,<aggregated>,Test,-7.860793727803631,47.70245732271004,39.3586264189479,-2.361280049711398,7.715450095783004,0.925490489408907,0.9009324283140444,-0.23076964147519788
arima_weather,76,CIP,Test,-2.7680202723358214,2.9374206492689834,2.7680202723358214,-93.95555616454725,93.95555616454725,0.9446121599459992,0.7874448589824904,-0.28583583054975387
arima_weather,76,Non CIP,Test,-22.597434910939576,25.97423664186424,22.597434910939576,-18.927114719605004,18.927114719605004,1.052302938297939,0.9516067250055517,0.3156333180912372
arima_weather,76,<aggregated>,Test,-24.132151332257155,27.63631979246472,24.132151332257155,-19.65834289047809,19.65834289047809,1.1124906790028395,0.9989482467661275,0.2819589191436892
arima_weather,77,CIP,Test,2.2175529174843382,7.326720892604662,5.743598477851051,0.7205670571659968,28.801236285184086,1.1956757668577351,1.1904003433426946,-0.13766936232447252
arima_weather,77,Non CIP,Test,-21.972328737090656,27.386416636723492,21.972328737090656,-8.369571977182288,8.369571977182288,0.7445948804654005,0.7307307536793386,-0.0660865053861877
arima_weather,77,<aggregated>,Test,-20.95385573663204,28.898940289613464,21.784023617509806,-7.657632253346118,7.922861608259144,0.7216204219821883,0.7533613953564898,0.013568809236145634
arima_weather,78,CIP,Test,0.07341189384300617,2.228985306624667,1.489737824523548,-2.048571405748695,10.732736507785106,0.3380414790465757,0.39850464062283375,-0.022776824760847372
arima_weather,78,Non CIP,Test,-8.400418410106814,16.246827735293646,15.303433022487683,-4.472709087739775,7.198023709257108,0.5796615855146939,0.48991988699583566,0.3737157159317634
arima_weather,78,<aggregated>,Test,-7.592293799697879,17.28433757974776,16.52272746277952,-3.957436684859469,7.322284101789203,0.6155449467727722,0.5114648277545979,0.3634094796408508
arima_weather,79,CIP,Test,-2.5644353708784093,6.575907563271864,5.511630492320273,-18.14358369547622,28.068970190711244,0.9080601763371383,0.8682487657373227,0.0361115433584166
arima_weather,79,Non CIP,Test,-44.08918815386232,52.27265012060794,44.08918815386232,-15.887544787860435,15.887544787860435,1.5129641254809976,1.413371175936929,-0.032767543324919136
arima_weather,79,<aggregated>,Test,-43.8403989169821,52.56025613669693,43.8403989169821,-14.501893799966412,14.501893799966412,1.4675825977934323,1.3911800012842306,0.02284683582867234
arima_weather,81,CIP,Test,-2.8595252295275744,5.485288955780801,4.551137686912116,-31.200931657949734,38.72197507931146,0.9003895517810154,0.8615384958995448,-0.5106782600334381
arima_weather,81,Non CIP,Test,-24.69505950359104,29.381110907499632,24.69505950359104,-12.5259423155068,12.5259423155068,1.0184111589184184,0.9684706929016225,-0.44355353310757606
arima_weather,81,<aggregated>,Test,-28.0788598128833,33.65817165101736,28.09285961831866,-13.305483089931803,13.311268133500134,1.1224701581125105,1.0782889444822505,-0.478355145636719
arima_weather,83,CIP,Test,-2.6208013328423556,5.819381327270528,4.6050737467771805,-22.807464204970813,30.777636824956893,0.8231259754004498,0.8178337113276899,0.2918996266139828
arima_weather,83,Non CIP,Test,-1.7429038690098722,27.850440047208878,23.877105973141504,-2.1162572421360206,9.26204169419898,0.865778159281056,0.785865940604719,0.5942571026462337
arima_weather,83,<aggregated>,Test,-3.788893079486417,30.82555777154867,25.41171353804026,-2.8816063811200956,9.403953931107399,0.9079206279644928,0.857534780302954,0.5612921188261384
arima_weather,84,CIP,Test,-2.334386655264418,4.170083938654118,3.262272175793526,-20.824506845291015,25.21418661126615,0.6519382528524085,0.6600409696407126,-0.5326368444274417
arima_weather,84,Non CIP,Test,-55.07282693766011,57.322270894622946,55.07282693766011,-13.543993643913177,13.543993643913177,1.5706668267418904,1.2819032401553672,-0.43206570790663595
arima_weather,84,<aggregated>,Test,-55.39260662362183,57.7409424371478,55.39260662362183,-13.113278182674316,13.113278182674316,1.552236741266766,1.2637102986892883,-0.45342128919344254
arima_weather,88,CIP,Test,-1.1460367506920073,2.576409811231542,2.411426058224933,-16.82775614915051,26.116705041653905,0.5968314935406801,0.5128031118492923,0.07702898621382302
arima_weather,88,Non CIP,Test,-24.73486119236858,32.10545338247949,28.898170465237936,-11.292625208224255,12.784850754055565,1.2905621900779851,1.1390272879386025,0.012554689754243554
arima_weather,88,<aggregated>,Test,-25.766193192262044,32.054347009095466,28.83808371116285,-11.128878264364937,12.199223392901803,1.2738703038331964,1.1267861245555566,-0.08217249462239619
arima_weather,90,CIP,Test,0.28184746667919347,4.643683819228247,4.042171111719854,-5.211974995318571,25.50171712050118,0.8072836992571437,0.7345362734120807,0.02281120106042251
arima_weather,90,Non CIP,Test,-33.163932424206806,36.2867035573867,33.163932424206806,-16.49991093607866,16.49991093607866,1.1631135913521389,1.0036085316951646,0.20587233608585614
arima_weather,90,<aggregated>,Test,-32.50401326199495,35.60700204041778,32.50401326199495,-14.938740177080996,14.938740177080996,1.1292448905182269,0.97259941271907,0.1351586082320133
arima_weather,94,CIP,Test,-0.31316357872799194,3.874508862009952,3.039858812505421,-15.304827942472484,30.89502600332016,0.7921068042488852,0.7890477624322764,0.196614378925649
arima_weather,94,Non CIP,Test,-11.396065816017673,12.387589715329675,11.396065816017673,-8.681330890401718,8.681330890401718,0.6575254054650673,0.561435230406483,-0.026061163709980593
arima_weather,94,<aggregated>,Test,-10.705422866585025,11.710754636279507,10.705422866585025,-7.555368476560092,7.555368476560092,0.5983515103994729,0.5148492015473151,-0.27643233756246016
arima_weather,<aggregated>,CIP,Test,1.7226323501118055,37.36476152330729,31.629954826657865,-0.14759348447324372,7.527924242854051,0.9077790566516436,0.8494261750427654,0.415153088509822
arima_weather,<aggregated>,Non CIP,Test,-422.1486270412392,460.6978408890359,422.1486270412392,-7.83646384006137,7.83646384006137,1.5141861585233545,1.2362977559380581,0.0810331670745491
arima_weather,<aggregated>,<aggregated>,Test,-411.2833496133327,457.4370003501095,411.2833496133327,-7.090179604077944,7.090179604077944,1.4295370299189236,1.1919337591438124,0.1566476835403234
base_arima,60,CIP,Test,7.015738993205688,9.209232308407426,7.015738993205688,24.73570801597772,24.73570801597772,1.3310617918610155,1.3856909641515491,-0.0573020799807679
base_arima,60,Non CIP,Test,-40.03485273185122,46.1160051925759,40.46017052407161,-15.069931617559655,15.208021809839005,1.2824995701318225,1.1381935011939386,-0.4433995744227227
base_arima,60,<aggregated>,Test,-33.11986507367961,39.42183427700779,33.96613543529371,-11.394529025584648,11.65097458971013,1.0552277526141576,0.9531921678433861,-0.2670376909982564
base_arima,61,CIP,Test,-0.14623069807655195,4.251863709904478,3.6905134368747716,-8.521016313935316,25.509072453430402,0.7820668575122208,0.7191110855611019,0.28195221769735135
base_arima,61,Non CIP,Test,-28.082885341035016,43.16922559439551,38.18143145769853,-18.927629366703375,22.95843940944997,1.3264151152787231,1.1346432398116302,0.589028236152322
base_arima,61,<aggregated>,Test,-27.765951692073138,42.38257812691335,37.309563899497235,-16.73781632813025,20.303891530771867,1.2809758931404605,1.1082043772387775,0.5401463760063739
base_arima,62,CIP,Test,0.8362929310593943,3.989776816691178,3.2270673388574687,-6.621368350735342,30.39623871802381,0.7016329917329973,0.6900913654873602,0.145178500904313
base_arima,62,Non CIP,Test,-5.624908154363084,16.26630259438471,12.36166331530695,-5.420119203226356,9.577474354125387,0.466945231703334,0.48923828842515604,-0.20472179074635652
base_arima,62,<aggregated>,Test,-4.403537559980611,17.250507143992742,13.726116591753575,-4.229593794993667,9.456295470612982,0.5171400308858027,0.5175842506475685,-0.08916918932846617
base_arima,63,CIP,Test,2.682537375461183,4.786997999413137,3.8951462984799643,10.75676618436546,25.914377722100227,0.9424463170460144,0.9209206853738703,0.0774896229749182
base_arima,63,Non CIP,Test,-6.454822515770735,15.984660284939293,14.047283445525194,-5.6996580879569185,10.535836570679843,0.6605010607087721,0.5638268482072862,0.20419605353193798
base_arima,63,<aggregated>,Test,-3.4922233018658257,15.318476512049438,13.601327814650555,-3.1270278797094755,8.955052189231587,0.6363105911732283,0.5378430316321403,0.034935780926375615
base_arima,66,CIP,Test,0.024513667288432964,1.8606312188497147,1.556618378589883,-2.850304320748812,14.910950471068812,0.3893858213822582,0.3705569732882694,-0.8541966978016606
base_arima,66,Non CIP,Test,-16.237823685134703,20.819077082634433,19.820573144717034,-12.55085775877615,14.633851630626342,0.8486468195056486,0.6727483972354242,-0.38235310234004727
base_arima,66,<aggregated>,Test,-17.1230772035936,21.221194103123224,20.00817969192692,-12.113841113002064,13.699062260437953,0.8546802499713769,0.6889329156271347,-0.40247121851736634
base_arima,67,CIP,Test,0.35833268947970026,4.665070378599171,3.691462212198663,-1.5085950283629548,13.103655271676661,0.5816989112921912,0.5755195436902867,-0.20487518443995684
base_arima,67,Non CIP,Test,8.22461827501736,20.622271022641392,15.012119392829273,2.5899664410650702,5.296839947322411,0.5023928668029508,0.5392669160205532,-0.4284240670263608
base_arima,67,<aggregated>,Test,8.490249649699413,21.87946332409397,15.762955059321332,2.4206173051283693,5.026886405789046,0.5232911615172247,0.5660737154978026,-0.4661180881220911
base_arima,68,CIP,Test,1.7530407163020967,3.1898577663180374,2.710486837598858,9.497821464566547,20.983376043440824,0.6649854071265269,0.6202971138361093,-0.34852216748768483
base_arima,68,Non CIP,Test,2.4343119808663847,12.545191869679469,10.159942982888522,0.8256492631209768,5.1155283216850815,0.46986481096258564,0.45829421028175665,-0.19529133776708074
base_arima,68,<aggregated>,Test,3.7597360537968303,13.760858997242863,11.257137226861719,1.3521711050917702,5.386313290135929,0.5142420543086786,0.497486549029937,-0.2083488140384432
base_arima,69,CIP,Test,-0.3937716536357996,4.1696504299962935,3.5632908952260354,-29.995631916815313,51.470468331341486,0.8767653225541563,0.8028735030692536,-0.16516719285101636
base_arima,69,Non CIP,Test,-24.703418000689062,28.86263578056515,25.269473979215814,-16.764683847070394,17.080916237308802,1.056100120309383,0.9509813822686287,-0.18565062138327867
base_arima,69,<aggregated>,Test,-25.28861886976361,29.554231511967675,26.652568988078514,-15.944491060392894,16.647558131689237,1.1053092967310179,0.9673027396250993,-0.04567923886650814
base_arima,70,CIP,Test,-3.9099518788619347,5.030777186132823,4.596887046417211,-27.691608796543523,30.6782834380882,0.8170374809491889,0.6977814065858776,0.19980782230262703
base_arima,70,Non CIP,Test,10.732869455632095,46.520998306078525,39.78527655272543,0.6346408037680757,16.242937558084098,1.2762573475081842,1.1353766541984132,0.36714204527381084
base_arima,70,<aggregated>,Test,5.713784656166477,43.99310119752142,37.87475497953626,-0.7536089275426617,14.504183721901024,1.1940446193189123,1.0555394604651527,0.35318176126985135
base_arima,71,CIP,Test,-1.6136646780667512,3.385418223851099,2.691570576314322,-14.43282713854094,19.926592368270015,0.5272105517811708,0.5144605769183959,0.06451612903225806
base_arima,71,Non CIP,Test,-9.130387442840155,15.490256551026993,11.882285630918021,-5.630577521827942,7.0709582707546845,0.41866112681608736,0.41680532956187305,-0.23936313400936646
base_arima,71,<aggregated>,Test,-10.672742961705874,18.356505754415416,14.487465076718959,-6.102027303629436,7.910201389842064,0.5014708504685386,0.4849189980978553,-0.18782683924644575
base_arima,72,CIP,Test,2.600976359723613,3.5622376881208906,3.2426278517946865,14.598763894539125,21.015278815249857,0.6728173117819433,0.5917378765583773,0.07276378537607443
base_arima,72,Non CIP,Test,14.632263721192023,34.081086767540654,17.63002876427637,4.654084158498032,6.029205737894522,0.7062972254418913,1.0529122772394945,-0.1433858942814492
base_arima,72,<aggregated>,Test,17.27247320401656,36.1403754295584,19.541913155422694,5.383291351646104,6.361498227252197,0.7714154185122324,1.1037312866491518,-0.1743469319904249
base_arima,73,CIP,Test,7.4562917773933455,9.286604147439157,8.357008422429832,14.77038880176426,17.343864930439935,1.0689590477545956,0.934232123044348,0.20683048308698684
base_arima,73,Non CIP,Test,-66.89900392845456,75.56771670179529,66.89900392845456,-17.125009914099095,17.125009914099095,1.6818966491159524,1.489711285477457,0.39704761345231593
base_arima,73,<aggregated>,Test,-57.59439900862186,67.4006444942096,57.59439900862186,-13.290821948856953,13.290821948856953,1.417552878259561,1.3015731373683839,0.4453996750084164
base_arima,75,CIP,Test,5.2222412676786645,6.424330243861678,5.2222412676786645,9.146742176565416,9.146742176565416,0.5908528819383816,0.5809513893305196,-0.20680875804450527
base_arima,75,Non CIP,Test,-8.574154334535212,38.8870315235767,33.34200812409642,-2.6568691037363665,7.402019566011127,0.8058741988466896,0.7541842148071202,-0.3412958330584038
base_arima,75,<aggregated>,Test,-3.053264403922031,41.1495620669571,34.897600053789596,-1.3043065729750665,6.804493510029045,0.820592583927917,0.7771711764499303,-0.3534626552152536
base_arima,76,CIP,Test,-2.04572023177719,2.2706612985999044,2.04572023177719,-70.952000867273,70.952000867273,0.6981206843379064,0.6087042952183145,-0.4950570324238728
base_arima,76,Non CIP,Test,-23.99742746628179,29.346751245907434,23.99742746628179,-20.421320204884417,20.421320204884417,1.1174968988243463,1.0751640645969798,0.4695027532936451
base_arima,76,<aggregated>,Test,-25.56228640927777,30.90886816860326,25.56228640927777,-21.103495256582786,21.103495256582786,1.1784198173127656,1.1172384709113947,0.4454874532908627
base_arima,77,CIP,Test,2.8151696253439398,7.956194129476861,5.89106375228683,3.521977806010479,28.56961609305476,1.2263744056598431,1.292673265742952,-0.12754932197484986
base_arima,77,Non CIP,Test,-20.466223020734454,25.927130424115614,20.466223020734454,-7.829794790160557,7.829794790160557,0.6935562027149879,0.6917937387307338,0.06278299095158861
base_arima,77,<aggregated>,Test,-19.19420550812481,27.45090704233355,19.19420550812481,-7.0636920417304,7.0636920417304,0.635829767796093,0.7156128711282344,0.12896374423791626
base_arima,78,CIP,Test,0.6058683496087933,2.602943263630063,1.688777017922122,1.748838932694862,12.0343839913288,0.383206139711757,0.46536195943134123,0.0628249573459027
base_arima,78,Non CIP,Test,-6.267132047896357,22.083501997247446,19.792689354238696,-3.836863775326277,9.227203549829126,0.749705094002024,0.6659236485569984,0.49589446963637435
base_arima,78,<aggregated>,Test,-5.790549668537182,24.008811982404108,21.574572486766137,-3.5337362106768984,9.507746925580497,0.8037486004007319,0.7104503038381439,0.5078544866709592
base_arima,79,CIP,Test,2.2696077646007646,6.0250097878801965,5.562823576967067,4.045986603285252,23.154497300719452,0.916494413998096,0.7955110776039354,-0.02178852814445413
base_arima,79,Non CIP,Test,-36.72226610771268,49.68157039986078,36.72226610771268,-13.740265508227118,13.740265508227118,1.2601609046064697,1.3433124093848392,-0.08471231305379329
base_arima,79,<aggregated>,Test,-36.079839664560474,49.09420691630432,36.079839664560474,-12.33441651320016,12.33441651320016,1.2077934081565873,1.299439611999666,-0.07174381376489615
base_arima,81,CIP,Test,-2.0769196657496543,5.036213298409763,4.398844865514386,-25.08883389167092,35.82227854203215,0.8702601919086259,0.7910051166162522,-0.51839525559353306
base_arima,81,Non CIP,Test,-23.67004698332926,28.078795091236383,24.12439674441175,-11.998384685478156,12.197660896479247,0.9948773293342925,0.9255432928817929,-0.4336283883250256
base_arima,81,<aggregated>,Test,-26.471062038850608,31.716712898643948,27.059501897778404,-12.548600749985024,12.787803944671122,1.0811816164787764,1.0160914629743896,-0.522317652208001
base_arima,83,CIP,Test,-1.0359813347619649,5.866172856662079,5.4646016242336035,-15.41094380077786,32.93949536020222,0.976760805463776,0.8244096148454164,0.32032923882619524
base_arima,83,Non CIP,Test,6.569660729330632,29.07022210609439,24.314953354009962,0.9599632611725726,8.80814151936349,0.8816544007267629,0.8202849721680961,0.6140414438188097
base_arima,83,<aggregated>,Test,6.076122527324117,37.63036134288133,31.49020342697883,0.15450811878045406,10.779007823891394,1.1250955283811663,1.046837299296898,0.5670124431591872
base_arima,84,CIP,Test,-1.3049722935433237,4.164700892798012,3.606572628762863,-15.285700023763521,26.234787435587076,0.7207438655265023,0.6591889410343936,-0.31082349439303064
base_arima,84,Non CIP,Test,-54.151639755276484,58.84461653494864,54.151639755276484,-13.497373454095762,13.497373454095762,1.5443947388712678,1.3159475963630514,-0.09158032275847694
base_arima,84,<aggregated>,Test,-52.47979170379745,58.61751182671338,52.47979170379745,-12.628251656412983,12.628251656412983,1.4706125207316503,1.2828947753942817,-0.12556601310282017
base_arima,88,CIP,Test,-0.49345904942153607,2.5879389344265618,2.2678136311892874,-10.979956856149258,24.209066535400304,0.5612872067787713,0.5150978439317143,0.14563955919130672
base_arima,88,Non CIP,Test,-23.015812517998768,31.289206673213418,27.451653780081536,-10.59201739900788,12.181924661403137,1.2259622617390815,1.1100687411002166,-0.05916620212946105
base_arima,88,<aggregated>,Test,-26.91911905939408,31.71306400172103,28.238765616608028,-11.49026210706152,11.950069269853836,1.2473965085959715,1.1147892195134108,-0.4195094413839947
base_arima,90,CIP,Test,1.8813914543322467,4.364773313462659,3.7124901152200462,5.8452542418497835,20.997813593953897,0.7414413370529599,0.6904183076986912,-0.0018253757686818592
base_arima,90,Non CIP,Test,-29.01391777148175,32.29887477459558,29.01391777148175,-14.51967745987171,14.51967745987171,1.0175657598961867,0.8933141649715717,-0.1072135505284323
base_arima,90,<aggregated>,Test,-28.26689245464258,31.643766024970517,28.26689245464258,-13.0389034392615,13.0389034392615,0.9820400828028162,0.86434427187021,-0.18280931305208112
base_arima,94,CIP,Test,0.6794173826584289,4.0047495276307075,2.821004581124099,-4.490127505492259,26.03907098974661,0.7350791801031024,0.8155714095436258,0.233057911787856
base_arima,94,Non CIP,Test,-9.432083599981464,12.476463090252217,10.24454078113229,-7.422145308430066,7.986952766280022,0.5910851990210181,0.5654631845826608,0.5172409140655216
base_arima,94,<aggregated>,Test,-8.799670984656615,11.141112798769564,9.052395600735073,-6.354337721070911,6.51951720870389,0.5059598904159136,0.4898055852886865,0.21201523008403939
base_arima,<aggregated>,CIP,Test,11.401833176479386,26.200301125440102,23.208966143794132,2.3354119269074722,5.428258500910657,0.6660968536735516,0.5956205971251536,0.35583927360777545
base_arima,<aggregated>,Non CIP,Test,-362.69204785492224,399.5358425043003,362.69204785492224,-6.737082888931328,6.737082888931328,1.3009239956968148,1.0721675286163541,-0.03448940089658092
base_arima,<aggregated>,<aggregated>,Test,-337.7411807907253,376.88333112830463,337.7411807907253,-5.819946205797868,5.819946205797868,1.1739194521801088,0.9820367947642671,-0.06958281531766286
base_ets,60,CIP,Test,6.831479382647155,9.105712960263839,6.831479382647155,23.9196791250118,23.9196791250118,1.2961031185644214,1.3701146576220165,-0.08067889317889321
base_ets,60,Non CIP,Test,-38.93205128728058,46.33550301514108,42.20261584621424,-14.677769608788124,15.767957795099344,1.337731304147788,1.1436109477859981,-0.16934430217268454
base_ets,60,<aggregated>,Test,-34.08691164938553,42.27570050578534,39.55204717994529,-11.735223993076977,13.421994218558384,1.228765572594847,1.022196641816584,-0.0225882755438142
base_ets,61,CIP,Test,-0.43778302704726507,4.407055410480263,3.898663060871748,-10.791856108697107,27.435522562589778,0.8261764170941304,0.7453584161166793,0.2988446938948503
base_ets,61,Non CIP,Test,-23.200111966341787,38.18272139262834,33.70253812367061,-15.918973034070943,20.064147500712792,1.1708192774286497,1.0035798907493307,0.5409246170600521
base_ets,61,<aggregated>,Test,-21.670172966560614,36.321767727035,32.297911983457674,-13.3752808886671,17.340860112749542,1.108907270024113,0.9497284913536199,0.519407014425696
base_ets,62,CIP,Test,0.5542280025400843,3.6207409766260374,2.9049927451953574,-7.6021256316866115,27.765849246893865,0.6316071332728069,0.6262611167077978,-0.08655438846550473
base_ets,62,Non CIP,Test,-6.438979509083728,20.987675174630702,16.280790548719118,-6.366022243589991,12.626159286600139,0.614985000090688,0.631242055216904,0.06067693435622542
base_ets,62,<aggregated>,Test,-4.718277094847327,22.303238999180433,19.029443423789136,-4.838833576995619,13.08237362088034,0.7169461875203794,0.6691864272769749,0.10008462367013857
base_ets,63,CIP,Test,2.3428365151158266,4.586927440533951,3.6326383271235496,8.328285763761963,24.4508084138585,0.8789314573097786,0.882431194417588,0.07724034495688041
base_ets,63,Non CIP,Test,-4.521736475854567,12.897307953682308,11.149412616614585,-4.097840424982351,8.321606256954247,0.5242436296036718,0.4549266837240813,0.10001120042569292
base_ets,63,<aggregated>,Test,-3.4965272958111964,13.594948869838992,11.879490291075314,-2.9991108009775953,7.818721436970556,0.5557579078278371,0.4773287023214483,-0.06437145074853783
base_ets,66,CIP,Test,0.018942415523013487,1.6043247893784942,1.3245048960287804,-2.4696846062791495,12.853423912257737,0.33132297161504237,0.31951185818056144,-0.8035240783575147
base_ets,66,Non CIP,Test,-16.711008294701973,22.297871334436575,21.346923953794093,-12.891702594684084,15.587002396481829,0.91399976112421,0.7205342072784006,-0.21040154899446806
base_ets,66,<aggregated>,Test,-18.217882307476426,21.84189647091183,20.259492280008043,-12.696067174460936,13.817830895632154,0.8654154547181033,0.709083633343549,-0.3152277875763293
base_ets,67,CIP,Test,0.42084093811806284,4.7049219726436995,3.572532927207624,-1.33463960266543,12.72072700807971,0.5629580894651565,0.5804359478082294,-0.23353690918746678
base_ets,67,Non CIP,Test,8.69190672140807,21.849505156274006,12.371796649146981,2.903870862706045,4.284894210467791,0.41403230439514127,0.5713587630219145,-0.2757895047240491
base_ets,67,<aggregated>,Test,8.68345851325473,24.280632345685415,13.388104223757148,2.5663834733953164,4.147541981004777,0.44445198145893694,0.6281976647673297,-0.23184292438232637
base_ets,68,CIP,Test,1.9036236744688995,3.275030367847756,2.7750223910989162,10.774393668020847,21.291914944394247,0.6808184304502591,0.6368597077751426,-0.34852216748768483
base_ets,68,Non CIP,Test,2.2623686243445844,13.193889532517314,10.489926653148059,0.7436452621769573,5.258780806759376,0.48512549845939257,0.48199208482924955,-0.1714540714742165
base_ets,68,<aggregated>,Test,3.3647429599271756,14.02424829171386,11.302187935706115,1.176880770383199,5.400807809972335,0.5163000348233804,0.5070086748786257,-0.19694187342026417
base_ets,69,CIP,Test,-0.5535053642227421,4.245074075032032,3.635213519396751,-31.987160639815663,52.85029949871053,0.8944622394307613,0.8173964581996074,-0.16129032258064516
base_ets,69,Non CIP,Test,-27.52436814795137,32.461627355575814,27.52436814795137,-18.685097321663523,18.685097321663523,1.150340071835293,1.0695628593311433,0.0355929402852519
base_ets,69,<aggregated>,Test,-27.623010155354766,32.6835703525951,27.89426353421462,-17.43957959581903,17.57940092512823,1.1568036395899868,1.0697252313934398,0.2021773620870086
base_ets,70,CIP,Test,-3.9245728741229557,4.9906748016281615,4.344135297060104,-27.654108905710693,29.478293353263513,0.7721141120443162,0.6922191053286795,0.3421476866765435
base_ets,70,Non CIP,Test,1.8153773140584113,37.5595815631162,31.12460233775681,-2.415407066497616,13.329054878788417,0.9984347443001844,0.9166671739856297,0.29514106785696315
base_ets,70,<aggregated>,Test,-3.2005756099903135,35.75704560701727,29.41422082648537,-3.628207117740951,11.802298973585364,0.9273166817395785,0.8579293480220783,0.26262416865176214
base_ets,71,CIP,Test,-1.502260440326492,3.4119079573661115,2.8340493351999876,-13.573882372878764,20.302626426228475,0.5551185344847371,0.5184860540339074,0.17933455912385393
base_ets,71,Non CIP,Test,-6.542864379056208,17.328640193476275,15.23090777944913,-4.253402436707006,8.817123240413558,0.5366466697942381,0.4662717859390224,0.0768253145925979
base_ets,71,<aggregated>,Test,-10.399117781886442,21.234376352706672,18.526311280651356,-6.065682324351658,9.939162974039585,0.6412719564641156,0.5609429509050498,0.0399354523399757
base_ets,72,CIP,Test,2.5997714769389577,3.6987916950286603,3.253050996738625,14.513713096842958,21.04650829483963,0.6749800244588275,0.6144214213292953,0.12774374832474625
base_ets,72,Non CIP,Test,12.302652169626317,34.136806491247924,16.762849902405083,3.6676709360658855,5.665680005107047,0.6715561576710536,1.0546337006663924,-0.18089477015860062
base_ets,72,<aggregated>,Test,14.415494445038593,35.29376853527837,17.993430509138616,4.276390657522803,5.788614355837351,0.710289193093986,1.0778758132180297,-0.22755010695164962
base_ets,73,CIP,Test,7.150557947996176,8.901839186982613,8.329736073753654,14.139614086538986,17.508694445846064,1.065470595619897,0.8955247785540034,0.08887562417915709
base_ets,73,Non CIP,Test,-70.91404916966434,77.61253934704597,70.91404916966434,-17.99756178665649,17.99756178665649,1.7828382288211089,1.5300220888784737,0.5507239159340571
base_ets,73,<aggregated>,Test,-65.54382244696933,73.14466079235562,65.54382244696933,-14.982292781131612,14.982292781131612,1.613209544003161,1.4124957757255783,0.5630887381716103
base_ets,75,CIP,Test,5.433854549296124,7.129783354255132,5.433854549296124,9.424576518902509,9.424576518902509,0.6147951532527999,0.6447454268462904,-0.231884279084468
base_ets,75,Non CIP,Test,-15.540102354608273,42.125390779339654,33.89294320838219,-4.174741263443287,7.6352142259157,0.819190264514146,0.8169897141440958,-0.351885898836125
base_ets,75,<aggregated>,Test,-11.305186888995895,44.45332081595714,36.745743903422294,-2.9316165466762603,7.271786858297428,0.8640503900436097,0.8395676138528174,-0.3661177753124419
base_ets,76,CIP,Test,-2.293252624984262,2.5221118964716336,2.293252624984262,-80.12949388982275,80.12949388982275,0.7825933708065721,0.6761115562898408,-0.4126984126984125
base_ets,76,Non CIP,Test,-29.85958366146618,32.972472895735805,29.85958366146618,-24.65350862760323,24.65350862760323,1.3904820501597155,1.207998039760427,0.23746660296664945
base_ets,76,<aggregated>,Test,-31.148055558644597,34.29354388883305,31.148055558644597,-25.018586178559378,25.018586178559378,1.4359234284983078,1.2395816736962069,0.19995052556186824
base_ets,77,CIP,Test,2.7506057027060105,7.638150426368969,5.647872654715468,3.763767676164899,27.188539730670495,1.1757480077312736,1.2409994898577863,-0.13567983463481856
base_ets,77,Non CIP,Test,-32.57877312110112,36.60282270936271,32.57877312110112,-12.213427209445083,12.213427209445083,1.1040244285471073,0.9766450492591283,-0.08295578535060621
base_ets,77,<aggregated>,Test,-31.715434712725123,37.74711964525816,31.715434712725123,-11.319870449861414,11.319870449861414,1.0506096478131466,0.9840230278914639,7.485848144130367e-5
base_ets,78,CIP,Test,0.5287276043094995,2.359941185782682,1.259461497358417,1.744576076693859,8.311767068394234,0.285788694064621,0.42191732324851583,0.05298926157291668
base_ets,78,Non CIP,Test,-1.5811346942920856,17.38791872065202,15.606321221046654,-1.4342361729748478,7.019272498434481,0.5911343480740743,0.5243292606721695,0.45074856793492485
base_ets,78,<aggregated>,Test,-0.5843296335854511,19.12268186459133,17.138214787929396,-0.9929397400730683,7.25478381807709,0.6384745819466349,0.5658636983310941,0.4778460973094505
base_ets,79,CIP,Test,2.1761415002921938,6.2694798208714895,5.761074885057094,3.287058503641001,24.253643814523922,0.9491570023254772,0.8277896341928364,0.019922618397283095
base_ets,79,Non CIP,Test,-47.65039501475519,52.85663088469669,47.65039501475519,-16.76679579074708,16.76679579074708,1.6351704633510615,1.4291611077150246,-0.3371928443336622
base_ets,79,<aggregated>,Test,-47.53038574794846,52.47964265046763,47.53038574794846,-15.327562873267794,15.327562873267794,1.5911070317172178,1.389046300307121,-0.3577203306227753
base_ets,81,CIP,Test,-2.1542869447207997,5.045520663995612,4.389387930878482,-25.607617935021455,35.88541626067423,0.8683892476033085,0.7924669637153314,-0.519887955182073
base_ets,81,Non CIP,Test,-25.834244811727633,30.02050968137658,25.834244811727633,-13.035502116675614,13.035502116675614,1.0653905569520015,0.9895467841197727,-0.4940357723439671
base_ets,81,<aggregated>,Test,-29.953607303028598,35.102021814738414,29.953607303028598,-14.139032162861549,14.139032162861549,1.1968176533921262,1.124544804282711,-0.5133278778554766
base_ets,83,CIP,Test,-1.5280840192338416,4.519207450491828,3.8568117354067235,-15.22007531229995,24.6451251600879,0.6893791709338652,0.635112221324221,0.19571511420126034
base_ets,83,Non CIP,Test,4.257211200991113,19.383759248299672,17.43416343863611,0.6603634409924065,6.5082721386588815,0.6321586019464119,0.5469585460157593,0.4882781940583454
base_ets,83,<aggregated>,Test,3.4555033775105723,21.20270265088494,19.656617913882503,0.18940891434285742,6.991130319617712,0.7023000968948678,0.5898370142822565,0.4393439342229437
base_ets,84,CIP,Test,-1.5618470724106495,3.833730378491548,3.1431890999717003,-15.921828159074405,23.344085681837957,0.6281404799468759,0.6068029213765186,-0.4489349676390144
base_ets,84,Non CIP,Test,-58.03823571643124,59.266835803397605,58.03823571643124,-14.186279768708207,14.186279768708207,1.6552397360246707,1.325389724873203,-0.45133704822908954
base_ets,84,<aggregated>,Test,-57.971626197534604,59.23958753121819,57.971626197534604,-13.644328883111008,13.644328883111008,1.6245071972551361,1.2965094384248137,-0.5811916917578928
base_ets,88,CIP,Test,-0.5254119219801414,2.114272670157242,1.9319295243833592,-9.988528512408825,20.477406907318656,0.4781553966874746,0.42082032129674596,0.05126868288712501
base_ets,88,Non CIP,Test,-29.848556218417084,35.955032474649805,32.34905111775754,-13.415316060399102,14.3115507913455,1.444674925275901,1.2756014574674697,-0.05435488455936018
base_ets,88,<aggregated>,Test,-30.402299361472647,35.67885116480427,32.09210769009475,-12.964027943165364,13.552811332929164,1.4176109405634358,1.2541960196904591,-0.12865444893926284
base_ets,90,CIP,Test,0.8393834926075248,4.286937721725797,3.7674361599471706,-1.0974700769438464,22.925997264726533,0.7524149067067167,0.6781063011713561,-0.05579013147687074
base_ets,90,Non CIP,Test,-30.803376153169957,32.938273705636895,30.803376153169957,-15.208823374380056,15.208823374380056,1.0803250050387005,0.9109984999879774,0.026974680528861365
base_ets,90,<aggregated>,Test,-30.107389206395208,31.839560677907084,30.107389206395208,-13.686886197556754,13.686886197556754,1.0459820808625502,0.8696923706582933,-0.2248919802663242
base_ets,94,CIP,Test,0.9306225187617998,3.685704692009985,2.2614241462808073,-0.33094895223860654,19.43064768103327,0.5892673193217784,0.7505975966997677,0.1410741405882874
base_ets,94,Non CIP,Test,-13.481149407040574,15.783807096651888,13.481149407040574,-10.385450691818544,10.385450691818544,0.7778296802691752,0.7153599350351424,0.2003611476710162
base_ets,94,<aggregated>,Test,-12.994449128268567,14.570420966997487,12.994449128268567,-9.19952267533039,9.19952267533039,0.7262906248175953,0.6405709823197315,-0.06526843763397389
base_ets,<aggregated>,CIP,Test,12.160820338515544,24.730046904935875,22.90014921262712,2.551882234175167,5.363544662974445,0.6572338140647636,0.5621967943776272,0.31429258153669626
base_ets,<aggregated>,Non CIP,Test,-473.6414799897944,491.12818039119907,473.6414799897944,-8.740124667929708,8.740124667929708,1.6988835854557982,1.317958569382198,-0.14130974689332862
base_ets,<aggregated>,<aggregated>,Test,-458.4576759130023,476.40863211997646,458.4576759130023,-7.846527464209488,7.846527464209488,1.5935053655450973,1.2413677322488355,-0.1755487399997627
mint_arima,60,CIP,Test,6.702156103350193,9.01427288687664,6.8016366078683115,23.307891332061622,23.86056080160672,1.2904411950935366,1.3563558904185529,-0.049217570304492246
mint_arima,60,Non CIP,Test,-41.013219994607084,47.640843258326896,42.25445231523319,-15.420743971597615,15.823741478294401,1.339374407683261,1.1758281742226062,-0.3175000637620738
mint_arima,60,<aggregated>,Test,-34.3110638912569,41.83792382468355,36.75991048687412,-11.816371045156327,12.558445771100939,1.142022112090373,1.011611510217721,-0.10564166224177982
mint_arima,61,CIP,Test,-0.4128147172428218,4.122037214683425,3.596425523820882,-10.18438721218931,25.42106406355646,0.7621284289573445,0.6971537326724079,0.25667796317847635
mint_arima,61,Non CIP,Test,-27.829031823094745,44.87907729641136,40.2732427333798,-19.031204182673815,24.006119461452514,1.3990842109214077,1.179584321057817,0.575039709485316
mint_arima,61,<aggregated>,Test,-28.24184654033756,43.94473905461171,39.35525584702416,-17.112724574950445,21.294814732378537,1.3512120952207765,1.149051198138693,0.5525808314467362
mint_arima,62,CIP,Test,0.543402786596118,4.143984540277054,3.2778358078002907,-9.545852528815383,31.59965206670668,0.7126711353506224,0.7167638896478291,0.16786797965828215
mint_arima,62,Non CIP,Test,-4.542703568228762,14.720285906295675,11.839615105461336,-4.4334764403242515,8.965865233105186,0.44722556161615223,0.44273905764000426,-0.33364178414631146
mint_arima,62,<aggregated>,Test,-3.999300781632671,16.254233823070237,13.534640298328368,-3.8206060094157843,9.2126501719433,0.5099260417262396,0.4876920639457179,-0.19005776620399575
mint_arima,63,CIP,Test,2.5061607088845155,4.583349675340018,3.709853464309455,9.74515956121157,24.791319004023315,0.8976139703875177,0.8817429054367052,0.07702995651078062
mint_arima,63,Non CIP,Test,-6.43987805356964,17.164124565302135,15.464021579242367,-5.777867026590998,11.544718105566472,0.7271158651793722,0.6054300863065426,0.2519744785609057
mint_arima,63,<aggregated>,Test,-3.9337173446851477,16.317061837009014,14.456361975054657,-3.467802833703545,9.536755961505786,0.6763116336812989,0.5729041004072994,0.06809990251004454
mint_arima,66,CIP,Test,-0.1988583168342769,1.8759651473857462,1.6463817321905285,-4.937702773208069,15.950746177935768,0.411839993613911,0.3736108262438504,-0.8376349561628306
mint_arima,66,Non CIP,Test,-16.414867722566452,21.584363346646477,20.74141189086575,-12.76314534504694,15.278578001034903,0.888073876810748,0.6974778847865236,-0.28576852406403613
mint_arima,66,<aggregated>,Test,-16.613726039400753,21.499990200152336,20.593541081620877,-11.868632565838734,14.055344127498143,0.8796848644125941,0.6979838581451838,-0.2797848888530057
mint_arima,67,CIP,Test,0.02299635380922152,4.57182518017092,3.7240959106592015,-2.5908172956090967,13.277024666911107,0.5868413144307638,0.5640160872157776,-0.1974319113669504
mint_arima,67,Non CIP,Test,8.95081320955119,20.179362319640937,13.515468701475502,2.9018347235681494,4.707116141933005,0.45230622601917203,0.527684970943627,-0.4294815511942606
mint_arima,67,<aggregated>,Test,8.973809563360442,21.123824006004682,14.684607758162533,2.623132489052525,4.6378339391502985,0.48749269545431084,0.5465235304667105,-0.4364696695994087
mint_arima,68,CIP,Test,1.576250946755085,3.0713251830553205,2.591486160091408,8.048090911642195,20.24468886602588,0.6357900194629859,0.5972473653270182,-0.32641420869908205
mint_arima,68,Non CIP,Test,2.2587292537317056,14.092794080247119,11.549097961071064,0.6909860443811313,5.814841974750611,0.5341087779140523,0.5148303828879811,-0.024684200654455823
mint_arima,68,<aggregated>,Test,3.834980200486781,15.337243981228681,11.825838008468432,1.3416843074615137,5.659082789811584,0.5402211156212249,0.5544764742797231,-0.05610150000405166
mint_arima,69,CIP,Test,-0.6646373929821401,4.090661209147059,3.3824417273686778,-32.53561983596936,50.81281404503425,0.8322664916552972,0.7876639900626702,-0.17161956233640932
mint_arima,69,Non CIP,Test,-23.763077354060695,28.119619072602244,24.537645428949197,-16.136277404877536,16.568996999787313,1.0255144333806359,0.9265000749701789,-0.23969346414144507
mint_arima,69,<aggregated>,Test,-24.42771474704284,28.841193793469344,26.05495573623454,-15.431453609066237,16.270237624113502,1.0805256639259304,0.943965190202433,-0.05735320656187974
mint_arima,70,CIP,Test,-4.215476679934578,5.296466558868362,4.763171606813183,-29.630550856481126,32.01183314725767,0.8465924204060018,0.7346331885994707,0.2544129272994748
mint_arima,70,Non CIP,Test,10.545103454186783,43.67999730542718,37.19936117829859,0.7900700756068976,15.226157297392323,1.1933047132020504,1.0660400894610995,0.3599472652367112
mint_arima,70,<aggregated>,Test,6.32962677425213,40.676664957415205,34.98609884165374,-0.29327706399496883,13.402063581459913,1.1029764574162209,0.9759672269953736,0.3452194193821425
mint_arima,71,CIP,Test,-1.8672887939852139,3.378147549249236,2.643661353223328,-15.868925134147531,19.791950688111275,0.5178263475684032,0.5133556985243741,0.027705376600473473
mint_arima,71,Non CIP,Test,-9.289825867576825,15.117855024112147,11.450158227559374,-5.671137414428884,6.809301827054927,0.40343552534194876,0.40678490539111933,-0.2790296468163709
mint_arima,71,<aggregated>,Test,-11.157114661562037,17.473184212780666,13.669352018133619,-6.282068928550478,7.481651681078682,0.47315258712186886,0.46158452460391475,-0.3073124463218039
mint_arima,72,CIP,Test,2.299964989985494,3.465858458618321,3.0522668188540316,12.351104724498631,19.874123013184008,0.633319039298939,0.5757279284293215,-0.0066504526839466106
mint_arima,72,Non CIP,Test,15.536416634686741,33.119889062004155,16.786464788475786,5.1071592234980505,5.68057580780495,0.6725022212727566,1.023216719937674,-0.2227547303286637
mint_arima,72,<aggregated>,Test,17.83638162467226,35.48027872238209,18.65924648940481,5.660063967542714,6.0147470988929514,0.7365722242887416,1.0835718561157133,-0.2387102252283264
mint_arima,73,CIP,Test,7.187231857378107,9.030051483442065,8.139432224209562,14.199775550839153,16.920348027500456,1.0411285091327402,0.908422932068465,0.19647437050731045
mint_arima,73,Non CIP,Test,-65.24058855830917,73.55975922559456,65.24058855830917,-16.661307312191916,16.661307312191916,1.6402027061557116,1.450127227051301,0.3961869962748087
mint_arima,73,<aggregated>,Test,-58.053356700931126,67.29437470517321,58.053356700931126,-13.362519210269939,13.362519210269939,1.428849059987839,1.2995209625893216,0.4346879033124891
mint_arima,75,CIP,Test,4.786524405896247,6.165923909864746,4.786524405896247,8.333795237639109,8.333795237639109,0.54155516659025,0.557583736509315,-0.17851595123046304
mint_arima,75,Non CIP,Test,-7.832358653097734,39.00546762205519,33.62412235708637,-2.4791958441778,7.4645171185691135,0.8126928817720808,0.7564811922938605,-0.37981719610291087
mint_arima,75,<aggregated>,Test,-3.0458342472015434,40.928835781779256,34.808170297603716,-1.285910359003096,6.79457533243323,0.818489705947898,0.7730024296125773,-0.37856705601745194
mint_arima,76,CIP,Test,-2.251782223816795,2.462724839235151,2.251782223816795,-76.62664092757636,76.62664092757636,0.7684412182330755,0.6601914554617196,-0.5171216943392292
mint_arima,76,Non CIP,Test,-23.136434662530156,28.76038332088578,23.136434662530156,-19.699515302445608,19.699515302445608,1.0774027350038937,1.0536815598954246,0.5071106779238371
mint_arima,76,<aggregated>,Test,-25.388216886346942,30.79950602366703,25.388216886346942,-20.909122105052298,20.909122105052298,1.1703952231067705,1.1132854437439923,0.4855280051694136
mint_arima,77,CIP,Test,2.5423341987164116,7.946315650886783,6.012421657593848,1.6286725952330638,29.86208825277853,1.2516381331038455,1.2910682715746602,-0.11356467261588368
mint_arima,77,Non CIP,Test,-20.751445394066884,25.39331004324704,20.751445394066884,-7.894715168259131,7.894715168259131,0.7032217744219602,0.6775502188713882,0.013529319653026395
mint_arima,77,<aggregated>,Test,-18.209111195350506,26.081358984337463,18.592186738015503,-6.697492930546358,6.818451995082395,0.6158872150998921,0.6799103635054712,0.1334720440961962
mint_arima,78,CIP,Test,0.4066344100753796,2.6096030415540716,1.6680475051144221,0.07873276812594211,11.98903041987905,0.37850233542211903,0.466552614390056,0.10353563080362901
mint_arima,78,Non CIP,Test,-6.472751717970642,23.52326083386654,21.834358346229916,-3.9754051987790113,10.112459218734452,0.8270391851993881,0.70933929240022,0.5154475085330309
mint_arima,78,<aggregated>,Test,-6.066117307895247,25.117638910719812,23.376453678236796,-3.679342168130268,10.236479058186573,0.8708766738131395,0.7432618577252399,0.522315361969396
mint_arima,79,CIP,Test,1.9486259079852117,5.636551113212801,5.268296068149393,2.9228894159708103,22.1639934370015,0.8679699887911142,0.7442210067544435,-0.027398740612078695
mint_arima,79,Non CIP,Test,-37.82660226864474,49.09488274480836,37.82660226864474,-13.988548842178156,13.988548842178156,1.2980572929030922,1.327449287484268,-0.1333601258944506
mint_arima,79,<aggregated>,Test,-35.87797636065954,46.92900925315847,35.87797636065954,-12.140725404754697,12.140725404754697,1.2010359178221792,1.2421305364890391,-0.17161618506580517
mint_arima,81,CIP,Test,-2.318056756284578,5.179807171478688,4.545006105686484,-26.953481036037438,37.2480941369689,0.8991764898938014,0.8135584680297299,-0.5079157458854635
mint_arima,81,Non CIP,Test,-22.8706379381528,27.218399488605115,23.45463719586859,-11.601193716852405,11.857333742166349,0.9672568007046962,0.8971826251019672,-0.4108958423784979
mint_arima,81,<aggregated>,Test,-25.188694694437345,30.379678284898393,26.107510601714118,-11.947141725407636,12.320644126739658,1.0431441281229017,0.9732575961399043,-0.5027994762246535
mint_arima,83,CIP,Test,-1.3306027923290766,6.132957844724706,5.640794781802063,-17.423248319668247,34.516987911939836,1.0082541479501848,0.86190256205809,0.3414190831525236
mint_arima,83,Non CIP,Test,7.338661147130114,31.226953537690832,26.08868451459445,1.139076761925385,9.413612527598026,0.9459694689346811,0.8811422430855501,0.6120276820946071
mint_arima,83,<aggregated>,Test,6.008058354801051,35.00828497728515,29.175369434242466,0.2900212204696916,10.00025741146971,1.0423901441428063,0.9738938769337695,0.5844634872070664
mint_arima,84,CIP,Test,-1.564451128306127,4.312807872302401,3.47769517456843,-17.062437486278167,25.931168773881453,0.6949887666898616,0.6826313167277196,-0.2622158709751706
mint_arima,84,Non CIP,Test,-52.44271124421761,57.50922074391709,52.44271124421761,-13.056525002269744,13.056525002269744,1.495656414168381,1.286084016907867,-0.11035937999413534
mint_arima,84,<aggregated>,Test,-54.007162372523744,59.626311588079965,54.007162372523744,-12.95599258669432,12.95599258669432,1.5134131942157378,1.3049732277704602,-0.03624732664168521
mint_arima,88,CIP,Test,-0.7663422070446451,2.578198675670212,2.2236365897849217,-13.681258577727487,24.6281495594534,0.5503533241031465,0.5131591636104786,0.18680756923881497
mint_arima,88,Non CIP,Test,-24.035812753748985,30.734792244636466,27.69528793065728,-10.939613803480286,12.251253651834514,1.2368427091128364,1.09039939846696,-0.2095609208936297
mint_arima,88,<aggregated>,Test,-24.80215496079366,30.67502806117325,27.59154983622106,-10.6933671526808,11.665281743422055,1.2188069195280944,1.0782998006440347,-0.3136821130272569
mint_arima,90,CIP,Test,1.3970612812304273,4.109008273688928,3.6060320602691256,2.845439346980219,21.13553721318808,0.7201800272169364,0.6499614836559827,-8.25725181596032e-4
mint_arima,90,Non CIP,Test,-28.69856672572356,32.69614979600282,29.0096065392527,-14.340911146776467,14.483589960321947,1.017414557899483,0.9043018977173455,-0.07719784168308776
mint_arima,90,<aggregated>,Test,-27.301505444493095,30.826138287138328,27.301505444493095,-12.553423562239582,12.553423562239582,0.9485008905868619,0.8420109044966876,-0.1729973040556339
mint_arima,94,CIP,Test,0.390149549997951,3.997097342041156,2.844725177751169,-7.728218984017226,26.950917365586953,0.7412601401897516,0.8140130339837309,0.213581821634408
mint_arima,94,Non CIP,Test,-9.027562611845402,12.453597234936577,10.033116719090373,-7.1216690926937245,7.82877128926737,0.5788865425404816,0.5644268492629908,0.502671213561632
mint_arima,94,<aggregated>,Test,-8.63741306184744,11.110027092300678,8.769818038016304,-6.236774712401134,6.323313912511504,0.4901659592872768,0.4884389397007532,0.2960261866702759
mint_arima,<aggregated>,CIP,Test,16.719182491900092,28.527517157545866,26.061724722906515,3.5913330958687513,6.035850637541453,0.7479709665514788,0.648526012068501,0.3891653985970588
mint_arima,<aggregated>,Non CIP,Test,-382.9983532127262,419.9508775915961,382.9983532127262,-7.105473915774046,7.105473915774046,1.373759780380136,1.1269519443998428,0.10510599376591362
mint_arima,<aggregated>,<aggregated>,Test,-366.2791707208263,401.7332551231339,366.2791707208263,-6.300529263183237,6.300529263183237,1.273111684014651,1.04678770756521,0.09253571768137592
mint_ets,60,CIP,Test,6.4925049717562455,8.913315481363313,6.558729490496736,22.361507623593564,22.729421616596287,1.2443556176201553,1.3411650732147904,-0.07049290703532438
mint_ets,60,Non CIP,Test,-39.624022477816304,46.91849255581314,42.716819984987225,-14.93218786203116,15.963120364421467,1.3540304590548096,1.15799976797296,-0.18330162802048797
mint_ets,60,<aggregated>,Test,-33.131517506060014,40.848605454438726,37.998962223014324,-11.404964738454655,12.907262490601047,1.1805157988799897,0.9876904893084796,-0.024361994792009407
mint_ets,61,CIP,Test,-0.5996672470695814,4.297303052723809,3.7698621627107407,-11.70259622061641,26.817568950512364,0.7988818643462525,0.7267961708252122,0.2882971877940913
mint_ets,61,Non CIP,Test,-22.243896320944014,38.61393769609291,34.0426249606957,-15.544637747332922,20.218012716395425,1.182633824550519,1.0149138133964435,0.537978378301539
mint_ets,61,<aggregated>,Test,-22.84356356801366,37.39912948450575,32.95802803351552,-14.011918416159372,17.76299304505482,1.1315715056361138,0.9778989582828269,0.5102781211928042
mint_ets,62,CIP,Test,0.29015617166037033,3.5792214704936343,2.9135108600319475,-9.560057145271779,28.144980626589337,0.6334591523877342,0.619079699300838,-0.09305081920148152
mint_ets,62,Non CIP,Test,-6.29209765549243,19.58166304992416,15.003909631872261,-6.136266918020276,11.597616730634833,0.5667525381341867,0.588953713326971,-0.026255273904586367
mint_ets,62,<aggregated>,Test,-6.00194148383205,21.454139632661978,17.91742049190421,-5.538582929533038,12.370368380402972,0.6750500277801813,0.6437100481956894,0.036139867305675734
mint_ets,63,CIP,Test,2.115039118657407,4.428985910310235,3.4396867513197864,6.78655550830043,23.344650916580175,0.8322460473020863,0.8520464684827842,0.06284129573196386
mint_ets,63,Non CIP,Test,-5.4159274704863325,14.287593639757866,12.607417797293143,-4.833748813897849,9.415151753314886,0.5927988041391329,0.5039662242907491,0.11828886575293937
mint_ets,63,<aggregated>,Test,-3.300888351828954,14.333206557094991,12.706163735379315,-2.9338636833283274,8.345137298418603,0.594432151638481,0.5032494753387368,-0.05677862414364368
mint_ets,66,CIP,Test,-0.13750392845501458,1.6161071308127224,1.3444174982847954,-3.9381895408540752,13.222859754079868,0.33630408008193624,0.32185838915127984,-0.786448569102624
mint_ets,66,Non CIP,Test,-18.050507420136825,22.97606124549731,21.999421860300227,-13.829536828696249,16.125417317163343,0.9419374130300086,0.7424492601828306,-0.2682422401366
mint_ets,66,<aggregated>,Test,-18.188011348591807,22.686113633854642,21.761211004602593,-12.790066467790755,14.753362982082395,0.9295636858258558,0.7364906203708746,-0.2107780922586097
mint_ets,67,CIP,Test,0.08779482923832692,4.72866901336028,3.692996415203293,-2.513977561626082,13.263346433816338,0.5819406702934198,0.5833655683558415,-0.2138225195600631
mint_ets,67,Non CIP,Test,8.386666703792468,21.98020613745614,12.555665270429387,2.8134487512016784,4.3699145028504445,0.42018561835061763,0.5747765590040139,-0.21476723536999898
mint_ets,67,<aggregated>,Test,8.474461533030796,24.341650516457474,13.020665495621236,2.522676684605373,4.050211732014493,0.43225392353711656,0.6297763498625798,-0.16828249148349572
mint_ets,68,CIP,Test,1.7578855959760251,3.1493101140878808,2.6794764357914422,9.630590967103771,20.731128559249463,0.6573773773124697,0.6124122507814695,-0.34501184090433673
mint_ets,68,Non CIP,Test,1.4124516924557815,13.386457110609998,10.898301609615231,0.30484277441951046,5.496543542787273,0.5040115317811809,0.48902686014752544,-0.04623723888495657
mint_ets,68,<aggregated>,Test,3.1703372884318615,14.38791318203637,11.92083484538823,1.0697493871613957,5.704028262639231,0.5445607063702739,0.5201559930312312,-0.089694325035925
mint_ets,69,CIP,Test,-0.7433546318766244,4.216788428645501,3.5591910120018233,-33.85728459922693,52.87800241073477,0.8757565260390228,0.8119500073802389,-0.1757615970705672
mint_ets,69,Non CIP,Test,-27.129590552603833,31.546869486298014,27.129590552603833,-18.36230296314085,18.36230296314085,1.1338409287868503,1.039422933456713,0.013480564373868034
mint_ets,69,<aggregated>,Test,-27.872945184480454,32.40441125904033,28.03863010362893,-17.561576708510593,17.646981306009806,1.162790668884693,1.060588422815709,0.17336828977122212
mint_ets,70,CIP,Test,-4.16913435527407,5.210470189505908,4.4993757338200995,-29.193722654685285,30.629554735320195,0.7997061007338566,0.7227052765980371,0.3435352856030209
mint_ets,70,Non CIP,Test,1.3895287264581506,37.46434117939524,31.107697077543786,-2.5798429447458315,13.339923225230967,0.9978924466356247,0.9143427675422808,0.3012262740936787
mint_ets,70,<aggregated>,Test,-2.779605628815918,35.520853012816275,29.38036413474987,-3.461262745524471,11.772972497365146,0.9262493111224865,0.8522623094032408,0.2748831288321222
mint_ets,71,CIP,Test,-1.770580207679356,3.4792437247030623,2.858790964938912,-15.234777972104876,20.70205677905378,0.5599647935356462,0.5287186443435334,0.13907441333505566
mint_ets,71,Non CIP,Test,-7.759317018031604,17.589764986305493,15.827055797040819,-4.935979727714541,9.176871169401359,0.557651382906393,0.4732980223976267,0.022733829824323974
mint_ets,71,<aggregated>,Test,-9.529897225710965,20.1056399614054,17.929935452020654,-5.580105046368183,9.5884214070764,0.6206289321393903,0.5311254176931669,-0.00795030033757244
mint_ets,72,CIP,Test,2.345649036340932,3.5184274314401924,3.024676260422246,12.846935428686834,19.637207669499976,0.6275942363912101,0.5844603755802242,0.12233192078165098
mint_ets,72,Non CIP,Test,12.467362952968609,33.560694272730366,16.093577413132277,3.7674197679129358,5.395388405970989,0.6447436488227518,1.0368351007542982,-0.21864011431708905
mint_ets,72,<aggregated>,Test,14.813011989309492,34.977171872155054,17.37954225801791,4.4546770551589905,5.540717425927186,0.6860560047468863,1.0682069141492023,-0.25810075369168317
mint_ets,73,CIP,Test,6.786489350757884,8.577737817115647,8.059554249500295,13.356355728365342,16.993684010486515,1.0309111826128086,0.8629201896165185,0.06552743857817318
mint_ets,73,Non CIP,Test,-71.02899295417437,77.97381481453696,71.02899295417437,-18.040425030572084,18.040425030572084,1.7857280112491238,1.5371441267615467,0.5439665782893781
mint_ets,73,<aggregated>,Test,-64.24250360341647,72.14968156112724,64.24250360341647,-14.698684232929676,14.698684232929676,1.581180591466724,1.3932817422497181,0.5670558465020412
mint_ets,75,CIP,Test,4.909383163639056,6.7570232700294675,4.990476907462196,8.456975702470997,8.619163190117277,0.5646306847733363,0.6110367785362545,-0.2372725161548458
mint_ets,75,Non CIP,Test,-15.681423362823107,41.903476144099095,33.461729962159566,-4.195946457661078,7.557456430905528,0.8087678679974649,0.8126858496325648,-0.36407278757163897
mint_ets,75,<aggregated>,Test,-10.772040199184069,43.27856864839439,35.76098561063479,-2.8063349084276696,7.078539819198182,0.8408944896155747,0.8173806578260127,-0.3701962292798885
mint_ets,76,CIP,Test,-2.436795123076066,2.6382335040132676,2.436795123076066,-83.85739617643904,83.85739617643904,0.8315785572669742,0.7072406909264473,-0.5014979785880661
mint_ets,76,Non CIP,Test,-28.80404605842018,31.812438646793492,28.80404605842018,-23.79707860437435,23.79707860437435,1.341328448189098,1.1654983733505566,0.24916506311800563
mint_ets,76,<aggregated>,Test,-31.240841181496197,34.28906173626156,31.240841181496197,-25.072236437979157,25.072236437979157,1.4402008399543638,1.2394196608635772,0.2193807930527487
mint_ets,77,CIP,Test,2.590104887561581,7.597812071705332,5.69108350884339,2.7105535829651246,27.77621245064001,1.184743443492534,1.2344455632178426,-0.13879955674461153
mint_ets,77,Non CIP,Test,-33.06720478324776,37.04997955695222,33.06720478324776,-12.391337011585003,12.391337011585003,1.120576325227848,0.9885761925184405,-0.08650200898502756
mint_ets,77,<aggregated>,Test,-30.47709989568617,36.6693603005342,30.47709989568617,-10.905963914971077,10.905963914971077,1.0095884063328255,0.9559271089524723,0.03879756942552596
mint_ets,78,CIP,Test,0.3780094659646802,2.3587980867896103,1.3810467478244,0.49093284362580036,9.400729664658048,0.3133780169784794,0.4217129566014694,0.08099255539990975
mint_ets,78,Non CIP,Test,-1.376317026875361,17.91359124212821,16.027660582075416,-1.368182851176203,7.210317505188547,0.6070937894422164,0.5401808119112443,0.4764214866106904
mint_ets,78,<aggregated>,Test,-0.998307560910686,19.258266821878024,17.4087073298998,-1.1923385306501624,7.401716006912522,0.6485516299234096,0.5698758241360198,0.49948092498558566
mint_ets,79,CIP,Test,1.7751924466936204,5.9972947632760425,5.566503016880879,1.6703459898678585,23.79924309331379,0.9171006144430666,0.7918517293431208,0.01546366681027547
mint_ets,79,Non CIP,Test,-48.2072952196657,53.123145878401004,48.2072952196657,-16.93059912228598,16.93059912228598,1.654281045032952,1.4363672587172711,-0.33683458781942316
mint_ets,79,<aggregated>,Test,-46.4321027729721,51.29271599278653,46.4321027729721,-14.974250659671767,14.974250659671767,1.5543413767198646,1.3576303835950214,-0.3765628903560419
mint_ets,81,CIP,Test,-2.441909915929197,5.215886387076165,4.503851856568273,-27.840537244247777,37.206233013302374,0.8910346013229523,0.8192251946852741,-0.518895362296472
mint_ets,81,Non CIP,Test,-26.072662426368943,30.074636615992937,26.072662426368943,-13.13655341706979,13.13655341706979,1.0752227729544823,0.9913309355100173,-0.5004142873366308
mint_ets,81,<aggregated>,Test,-28.51457234229813,33.52548638599952,28.51457234229813,-13.45586317416489,13.45586317416489,1.1393199895071981,1.0740381772139662,-0.5479574812368777
mint_ets,83,CIP,Test,-1.7719462605658578,4.386184372859387,3.6999646745530765,-16.112096398483423,23.962640741334496,0.6613438131843384,0.616417664093101,0.17756246314843985
mint_ets,83,Non CIP,Test,5.218054231685091,18.954373817719773,17.38917205899606,1.0631403350068336,6.462616176440181,0.6305272252673416,0.5348424220079286,0.46525754121235724
mint_ets,83,<aggregated>,Test,3.446107971119204,20.81193353041595,19.36356722364183,0.2099157504943534,6.887540489009166,0.6918298558262973,0.578966226011238,0.4310604705310895
mint_ets,84,CIP,Test,-1.7435005444376337,3.9232084353001277,3.2743656505224403,-17.159120710393733,24.311554835466247,0.6543550342737089,0.6209655100069438,-0.41591161971831503
mint_ets,84,Non CIP,Test,-56.60775941459265,57.84543625962428,56.60775941459265,-13.85180177279828,13.85180177279828,1.6144428167693443,1.2936028355493658,-0.4913689221008695
mint_ets,84,<aggregated>,Test,-58.35125995903032,59.61034582309966,58.35125995903032,-13.739851515172036,13.739851515172036,1.6351454666693734,1.3046238032411666,-0.6112976591122806
mint_ets,88,CIP,Test,-0.7210659583216874,2.126413346907907,1.9238853379882177,-11.98223415277469,20.96991441037587,0.4761644487319458,0.4232367756940848,0.07090723237091269
mint_ets,88,Non CIP,Test,-29.709723741003934,35.58358032989882,31.912414542530858,-13.336985612362389,14.126480523303938,1.4251751906656929,1.26242319382502,-0.060611741299676856
mint_ets,88,<aggregated>,Test,-30.43078969932565,35.626009907228784,31.943032779542314,-12.970957627829938,13.497871593062225,1.4110258254253647,1.2523385244863536,-0.13437277390528005
mint_ets,90,CIP,Test,0.5982807268116985,4.162729723131162,3.6534448318510515,-2.464950725759639,22.574074347337042,0.7296490864370458,0.6584591236357331,-0.08296079285241933
mint_ets,90,Non CIP,Test,-30.486736772557613,32.69471559073433,30.486736772557613,-15.047316847818065,15.047316847818065,1.069219941789967,0.9042622308283048,0.024679192690713832
mint_ets,90,<aggregated>,Test,-29.88845604574593,31.840889974857575,29.88845604574593,-13.589782388678165,13.589782388678165,1.0383759692407193,0.8697286801861752,-0.2236230784895943
mint_ets,94,CIP,Test,0.7063573819200997,3.600109058176971,2.2122154135279244,-2.6231098480751545,19.428702436416994,0.5764448251053783,0.7331659567796371,0.11378274126809845
mint_ets,94,Non CIP,Test,-13.426148208873794,15.972135571836162,13.426148208873794,-10.368964610070755,10.368964610070755,0.7746562443036822,0.7238954325198822,0.24881715615481068
mint_ets,94,<aggregated>,Test,-12.719790826953702,14.311227731486367,12.719790826953702,-9.012627768840362,9.012627768840362,0.7109393200178133,0.629175864370974,0.020188442008310197
mint_ets,<aggregated>,CIP,Test,14.297388974292891,25.881273697794253,23.63694694369612,3.0515113389994375,5.49975402481537,0.6783798938779785,0.5883680351777179,0.3066238790823147
mint_ets,<aggregated>,Non CIP,Test,-452.109604576755,472.43373368987585,452.109604576755,-8.357483014954136,8.357483014954136,1.6216518579810844,1.26779140892677,-0.14218655500547547
mint_ets,<aggregated>,<aggregated>,Test,-437.81221560246223,457.99450992902075,437.81221560246223,-7.50534078402441,7.50534078402441,1.5217459567545748,1.1933864498698399,-0.1323564658243946
mint_weather,60,CIP,Test,5.4128645583643165,7.571378269165788,5.4145624678550295,18.612171165406643,18.621107531147242,1.0272784132343247,1.1392470189049626,-0.2131778145377191
mint_weather,60,Non CIP,Test,-49.97004650147424,54.644959980911885,49.97004650147424,-18.65870008920459,18.65870008920459,1.583941993508897,1.3486974438386443,-0.30401657686228323
mint_weather,60,<aggregated>,Test,-44.55718194311002,48.90798598335103,44.55718194311002,-15.16678614014,15.16678614014,1.3842603629199577,1.1825606301509415,-0.13396178208841203
mint_weather,61,CIP,Test,-0.9755803224302251,5.221114703250684,4.616523115873148,-15.614747055497569,32.68810952902165,0.9783001166690916,0.8830389961342341,0.3279367938519661
mint_weather,61,Non CIP,Test,-30.617103103133292,40.306822913818834,36.35827124816154,-19.561911559129776,21.804555365781436,1.2630789026963374,1.0594089541274168,0.5120618086807844
mint_weather,61,<aggregated>,Test,-31.59268342556353,39.882763553148,36.237165432581826,-17.945938585029786,19.66611710614767,1.2441564709767525,1.0428401267527296,0.45362536478817705
mint_weather,62,CIP,Test,0.1840788013815309,3.8223744715914014,2.946447003440318,-11.702981260246236,29.87740020718243,0.6406201696238802,0.6611366348787701,0.02598753031101326
mint_weather,62,Non CIP,Test,-5.475371063364523,17.790317937755205,14.198776778596978,-5.353118829584366,10.883752958613524,0.5363397257856197,0.5350757892215354,-0.011496489772968481
mint_weather,62,<aggregated>,Test,-5.291292261983035,19.989648824501856,17.092667188817057,-4.935817932564454,11.72095787143344,0.6439769310466231,0.5997694630758037,0.07300538231228426
mint_weather,63,CIP,Test,2.1525753786352926,4.83703696855125,3.771043016552793,6.016121833791895,26.017610345558555,0.9124190287176587,0.9305471614575709,0.1340169914725066
mint_weather,63,Non CIP,Test,-8.091755835411066,14.949009243304435,13.05177295231819,-6.709831025804944,9.864466401682819,0.613692313717951,0.5272963338116972,0.07837949915705021
mint_weather,63,<aggregated>,Test,-5.939180456775821,14.291188124783062,12.86047856161069,-4.5840557147193515,8.566471927973607,0.601651458432948,0.5017741771260653,-0.13196910452258998
mint_weather,66,CIP,Test,-0.6626867869660847,1.874930268612318,1.4774254535452715,-8.988823384306027,14.896163787450176,0.36957582646616705,0.3734047233137711,-0.6672564832964547
mint_weather,66,Non CIP,Test,-18.332453073125315,22.030059431173374,19.603405640996563,-13.786814322373795,14.525740233926847,0.8393484753060773,0.7118801239121801,-0.377682842412742
mint_weather,66,<aggregated>,Test,-18.99513986009146,22.339329127046653,19.781193672121184,-13.11787028563246,13.54976798454989,0.8449841921023119,0.725232476262274,-0.3033267176092346
mint_weather,67,CIP,Test,0.3711242236189125,4.280802923266331,3.5119037077540005,-1.1900234897387023,12.402517911606786,0.55340416505219,0.5281133069992571,-0.25917314699742033
mint_weather,67,Non CIP,Test,5.032012847637621,17.751277093851893,11.77895810238322,1.5198699544559282,4.1287767895999465,0.3941924770352412,0.46419118647591534,-0.43680101870926097
mint_weather,67,<aggregated>,Test,5.4031370712565545,19.459584051081425,11.625460427330836,1.4715627493373047,3.6686505405520875,0.38593656248439545,0.5034656875567398,-0.4032471100609535
mint_weather,68,CIP,Test,-0.07569031844244312,2.644789071789659,2.3328775300317015,-5.795824910072867,20.694087492035422,0.5723434965870322,0.5143035044568944,-0.3053330525664283
mint_weather,68,Non CIP,Test,1.2564511188966974,11.313697383953805,8.523656006431821,0.29523967784997573,4.298804761372905,0.3941917808906408,0.413305915270817,-0.30804864559588163
mint_weather,68,<aggregated>,Test,1.180760800454246,11.718304329376776,8.175021333782293,0.2076304060523315,3.9680176923432566,0.3734466125783794,0.42364352272429107,-0.361117600108837
mint_weather,69,CIP,Test,-1.2004052430817884,4.544864621810614,3.748526008593418,-40.168660093773426,57.20093611490412,0.9223433370063292,0.8751216537573993,-0.12855664527700708
mint_weather,69,Non CIP,Test,-24.71928163481681,28.1289874244333,24.71928163481681,-16.621498955862204,16.621498955862204,1.033105648735063,0.9268087483789976,-0.3020529463452088
mint_weather,69,<aggregated>,Test,-25.919686877898567,29.396201955262548,26.62558198209801,-16.216861034050922,16.58072448982383,1.1041901179901419,0.9621304710421484,-0.09064943019337811
mint_weather,70,CIP,Test,-5.018279016189329,5.823165349897192,5.079494407942615,-34.24676874874742,34.51292262593562,0.9028147251944163,0.8076876312140704,0.3018991293630777
mint_weather,70,Non CIP,Test,7.932378097693948,42.79021706343906,35.853905468212076,-0.13019065366292487,14.5654381099348,1.1501443311579769,1.0443243965287676,0.31465996549035546
mint_weather,70,<aggregated>,Test,2.9140990815045833,41.0620095790803,35.43897195583422,-1.5417415528004486,13.52967735995008,1.1172537961214761,0.9852129142275444,0.30572718093986184
mint_weather,71,CIP,Test,-2.1642744512989944,4.471306749948301,3.843561830148818,-19.007556586986237,27.535582695196773,0.7528564813086163,0.6794761822782388,0.20951338056442412
mint_weather,71,Non CIP,Test,-9.313887222169814,19.62901805326758,16.726513372023653,-5.880241636825839,9.765183105057808,0.5893429221912035,0.5281693890425412,-0.005182514379976955
mint_weather,71,<aggregated>,Test,-11.478161673468787,22.91234630016298,19.42085166308512,-6.680965920800614,10.452233706212414,0.6722356843476347,0.6052694429207268,-0.0034488248522181538
mint_weather,72,CIP,Test,1.2153217189998913,3.15208317175842,2.6276837249840588,4.553343597117717,18.00226859155605,0.5452217093239471,0.5236054317800546,0.24065558389081884
mint_weather,72,Non CIP,Test,11.260445225639,37.850970848018626,21.399359917128944,3.052222218911365,7.571444038101439,0.8573048142908669,1.1693803129913782,-8.572100604426376e-4
mint_weather,72,<aggregated>,Test,12.475766944638952,39.12714340187205,22.065776487030515,3.328163244925413,7.349579223925945,0.8710447164594328,1.1949475293644398,-0.023763547883277433
mint_weather,73,CIP,Test,6.109139757096142,8.670428448491954,7.786210566519071,11.620189327293064,16.411820211358574,0.9959473309209628,0.8722448645958959,0.25821329632022777
mint_weather,73,Non CIP,Test,-68.78807360730279,75.97393923097152,68.78807360730279,-17.527480438429265,17.527480438429265,1.7293894334061235,1.4977193914854376,0.4673011735970282
mint_weather,73,<aggregated>,Test,-62.678933850206604,71.37509900104811,62.678933850206604,-14.40792007189117,14.40792007189117,1.542696939546154,1.3783237865737952,0.48377746994391424
mint_weather,75,CIP,Test,3.0286151261603527,5.606297623727576,4.406424525275207,5.009142381653646,7.757950942025021,0.49855004706822414,0.5069768006737998,0.04499697838808726
mint_weather,75,Non CIP,Test,-12.10133505075525,45.604295267344156,36.942118075234156,-3.5654965490910278,8.229195730348081,0.8928886255673282,0.8844604041627955,-0.2539311518403492
mint_weather,75,<aggregated>,Test,-9.072719924594896,47.903947094020175,39.831326020127065,-2.5992199907116054,7.82091649727962,0.9366056889227826,0.9047378647451035,-0.22437483060943852
mint_weather,76,CIP,Test,-2.596044046179089,2.760662851874052,2.596044046179089,-88.22283840477749,88.22283840477749,0.8859237044918102,0.7400607640697152,-0.2999799585963089
mint_weather,76,Non CIP,Test,-22.544000580424164,25.998694845704147,22.544000580424164,-18.903047773617793,18.903047773617793,1.0498146424701622,0.9525027895011717,0.3109506145123171
mint_weather,76,<aggregated>,Test,-25.140044626603277,28.55795487719851,25.140044626603277,-20.423964630855757,20.423964630855757,1.1589544973318227,1.0322618630133964,0.28477402561111426
mint_weather,77,CIP,Test,2.344495894875676,7.372060344217518,5.726655375415334,1.4903901906689305,28.475666581431835,1.1921486301548656,1.197766817316255,-0.14150685676962527
mint_weather,77,Non CIP,Test,-21.942566320100372,27.417644611643908,21.942566320100372,-8.359289175136247,8.359289175136247,0.7435862962781526,0.7315639857867797,-0.08948180431189175
mint_weather,77,<aggregated>,Test,-19.598070425224705,27.979583795361624,20.917250687449577,-7.198953536668124,7.620416879231981,0.6929075882773054,0.7293948524868005,0.01764303958468584
mint_weather,78,CIP,Test,0.21367126609629317,2.2628761972117766,1.407433063657389,-0.9022237048949171,9.908358870193151,0.31936542569157056,0.4045637551148244,-0.01509152833512258
mint_weather,78,Non CIP,Test,-9.192803359397221,16.82893272143137,15.590570714441737,-4.84617275532986,7.358606342348136,0.590537752289465,0.5074731480800773,0.32900163333999133
mint_weather,78,<aggregated>,Test,-8.979132093300924,17.631507436583966,16.842758901065952,-4.5508453018846104,7.513539583572111,0.627467538553663,0.5217380112196313,0.3830862674943558
mint_weather,79,CIP,Test,-1.500324262820743,6.188705704718983,5.312910274260431,-13.3291399070713,26.22329240325203,0.8753203334712918,0.8171246383761916,0.04479499697880683
mint_weather,79,Non CIP,Test,-43.71093074817243,52.112323816380396,43.71093074817243,-15.775641352869927,15.775641352869927,1.4999838482527317,1.4090362019760363,-0.027075064250546576
mint_weather,79,<aggregated>,Test,-45.211255010993206,53.660535859750695,45.211255010993206,-14.919413973256594,14.919413973256594,1.513472794902712,1.4203025219688707,0.016707622333952368
mint_weather,81,CIP,Test,-2.5496003125939213,5.3358984551750455,4.472116350745308,-28.887933753078233,37.608466033857525,0.88475610134575855,0.8380747060735005,-0.5147124937404062
mint_weather,81,Non CIP,Test,-24.418196850397795,29.284246457239494,24.46141274217508,-12.402903211171465,12.422110274183593,1.0087756903731186,0.9652778122254522,-0.4358552353669998
mint_weather,81,<aggregated>,Test,-26.967797162991697,32.59433514636347,27.220987930351445,-12.795673925546058,12.900298209579011,1.0876339056005653,1.0442073801715444,-0.49315941898588955
mint_weather,83,CIP,Test,-2.4091005060738673,5.67778523082156,4.496952658831772,-21.557053727423757,29.96382174080339,0.8038000577560893,0.7979343346489859,0.2833552341169378
mint_weather,83,Non CIP,Test,-1.1583455443348893,27.29061296540453,23.363749077348107,-1.8656011974022952,9.04758833193244,0.8471639608604353,0.7700690973421919,0.5852371616983107
mint_weather,83,<aggregated>,Test,-3.5674460504087446,31.136627526188047,25.77220187876024,-2.8290354480639563,9.512445669186688,0.920800310406624,0.8661884155649825,0.567198545148285
mint_weather,84,CIP,Test,-2.200498284848499,4.1404262927746,3.2962376482404956,-20.031973388996118,25.238645125186935,0.6587259730581874,0.6553467568546995,-0.529245930698296
mint_weather,84,Non CIP,Test,-55.11161647258389,57.38721265261184,55.11161647258389,-13.555053172343587,13.555053172343587,1.5717730970954806,1.283355538689394,-0.4254751899284802
mint_weather,84,<aggregated>,Test,-57.31211475743239,59.68442975978745,57.31211475743239,-13.564697897561183,13.564697897561183,1.6060260686170074,1.3062451940569073,-0.4267287094677053
mint_weather,88,CIP,Test,-0.9420053307564533,2.485279367962191,2.296028620821176,-14.766032864204009,24.724147778548378,0.5682704581809025,0.49466470285511516,0.07297837318988773
mint_weather,88,Non CIP,Test,-25.074631199709703,32.22656067093556,29.000259040799357,-11.429986295299404,12.837021363790319,1.295121359518036,1.143323894645144,0.0032427163610291784
mint_weather,88,<aggregated>,Test,-26.016636530466137,32.46092674085148,29.17503400055355,-11.242166290067324,12.342653213442729,1.288754474772636,1.1410783639244695,-0.06401855486235349
mint_weather,90,CIP,Test,0.6175493214849788,4.6208347378413785,4.052806973938982,-2.9853319437129215,25.088517643044835,0.8094078444157077,0.7309220137539826,0.01330651844266631
mint_weather,90,Non CIP,Test,-32.81082025212317,36.00505100446543,32.81082025212317,-16.332523357430794,16.332523357430794,1.1507293673895256,0.9958186561381722,0.16981395766390436
mint_weather,90,<aggregated>,Test,-32.193270930638185,35.35017184342465,32.193270930638185,-14.801427644389742,14.801427644389742,1.1184491716288725,0.965584138069424,0.15544514274824475
mint_weather,94,CIP,Test,-0.10250544377495707,3.8205042078946714,2.895528247458322,-12.834458830367565,28.891782484179746,0.7544980764472583,0.7780496584123296,0.18843053025430065
mint_weather,94,Non CIP,Test,-10.324742449988731,11.472829502868978,10.324742449988731,-7.884998436345841,7.884998436345841,0.5957126411300031,0.519976107005423,-0.08763246627235169
mint_weather,94,<aggregated>,Test,-10.427247893763719,11.463993386587406,10.427247893763719,-7.3672304025720114,7.3672304025720114,0.5828036504767703,0.5040006408590725,-0.23125983577091622
mint_weather,<aggregated>,CIP,Test,-0.7475582787430598,37.47222344590703,31.234432889448183,-0.7310754650667841,7.465041231174386,0.8964275851426603,0.8518691444651635,0.4171526674770253
mint_weather,<aggregated>,Non CIP,Test,-448.21667357891835,484.17056612886904,448.21667357891835,-8.313806015092968,8.313806015092968,1.607688476708652,1.2992875834652637,0.107668029741349
mint_weather,<aggregated>,<aggregated>,Test,-448.9642318576611,492.3150874865911,448.9642318576611,-7.731811635239058,7.731811635239058,1.5605080904758952,1.2828148410862736,0.20609259012079376
